																			
M6R1V1_CCC	H:h	M0R2V0_CC_SEQ	fallo	M4R1V2_QST	deedodo	M7R0V1_CCCRNG	&837	M2R2V1_DEC	b173b	M3R1V0_OCTRNG	t:::::p	M8R2V0_SEQKLE	R	M1R0V0_CCC	abc	M9R2V1_LIT	{$2.00}	M5R1V2_OR	noy5
M1R1V0_CCC	abc'	M4R1V2_QST	do deedo'	M3R0V0_OCTRNG	xyz135'	M5R0V2_OR	tribcd'	M6R0V2_OCTCCC	174'	M9R2V0_CCC	$66.4'	M7R2V1_CCCRNG	tuvAa9'	M2R0V0_RNG	33.44'	M0R2V0_CC_SEQ	falmno'	M8R1V0_SEQKLE	zaaaaa'
M8R2V0_SEQKLE	SORRY	M2R0V1_DEC	5.7	M7R0V1_CCCRNG	&ass;	M0R1V1_CC_SNG	&diiz	M3R0V2_HEXRNG	xyz3	M6R1V0_OR	s:	M1R1V0_CCC	3	M9R1V1_LIT	t.$$12345*	M4R1V2_QST	deedodo	M5R1V2_OR	nox5
M1R2V0_CCC	sp ace	M0R0V0_CC_SEQ	%11	M6R1V0_OR	;	M2R1V0_RNG	blagx1234	M5R1V0_CCC	noz5	M9R1V0_CCC	t.$$$$$$$$$$264823682364236*	M4R0V0_QST	jdfjsdq4fabjhjh	M3R1V2_HEXRNG	dhfdjt::;;;::;;;;:::::pfyfy	M7R2V0_WRD	aatuv bla	M8R1V1_ADD	43424zaaaaaaaaaaaaa34242
M5R0V0_CCC	tria3	M0R0V1_CC_SNG	%3D	M4R1V1_OR	deedolicious'	M9R1V1_LIT	hit.$100*'	M1R0V0_CCC	1'	M7R0V1_CCCRNG	&zerocool'	M2R0V0_RNG	3.14'	M8R2V0_SEQKLE	HORROR'	M6R1V1_CCC	;'	M3R0V2_HEXRNG	xyz93'
M7R2V0_WRD	tuvwooo'	M2R1V1_DEC	xg145%'	M5R0V1_RNG	trid3'	M1R2V1_DEFAULT	 q'	M0R1V1_CC_SNG	&doiz'	M6R0V2_OCTCCC	0703'	M9R2V0_CCC	44124234.3'	M8R1V1_ADD	zaaazazaaaaaagggghhhh'	M4R0V1_OR	ab'	M3R1V1_CCC	t::::;;;::;;;::p'
M4R0V0_QST	q4fab	M9R1V0_CCC	t.$$22*	M7R0V0_WRD	&ww;	M0R2V1_CC_SNG	famop	M1R2V1_DEFAULT	\s	M3R1V1_CCC	t;p	M8R2V0_SEQKLE	RRRRR	M5R0V2_OR	trib3	M6R1V0_OR	:	M2R0V1_DEC	3.14
M2R0V1_DEC	1.1	M4R0V2_DBB	q4fab	M8R1V0_SEQKLE	zazaa	M0R1V0_CC_SEQ	&daoz	M5R0V2_OR	trie3	M3R1V1_CCC	t:p	M7R2V1_CCCRNG	tuvAa9	M1R1V1_DEFAULT	a	M6R0V2_OCTCCC	177	M9R1V1_LIT	t5.$8*
M9R2V0_CCC	{$111111111.1}	M5R1V0_CCC	noz5	M6R0V2_OCTCCC	5	M7R2V0_WRD	tuvq	M2R1V0_RNG	xg100%	M3R0V0_OCTRNG	{}	M0R2V1_CC_SNG	falmo	M1R0V0_CCC	_	M4R0V2_DBB	ab	M8R1V0_SEQKLE	zaaaaaaaaaaaaaaaaaaa
M5R0V1_RNG	tria3'	M8R0V0_SEQKLE	....'	M6R0V0_OR	{'	M7R2V0_WRD	tuva'	M2R0V1_DEC	1.1'	M1R1V1_DEFAULT	a'	M9R1V1_LIT	t.$222*'	M3R1V2_HEXRNG	tx3ax3ap'	M0R1V1_CC_SNG	&douz'	M4R0V2_DBB	q4fab'
M4R1V2_QST	Deedodododo'	M1R0V1_DEFAULT	*'	M7R0V0_WRD	++'	M6R1V1_CCC	Idk	M5R0V2_OR	trid3'	M0R1V0_CC_SEQ	22aeaez'	M8R2V1_ADD	RRow	M2R2V0_RNG	d2d'	M9R0V0_CCC	${43:34}'	M3R0V2_HEXRNG	Idk
M6R0V0_OR	{	M4R1V0_DBB	deedodo	M1R2V0_CCC	 '	M9R1V1_LIT	t.++9*	M8R1V1_ADD	zaaa	M7R2V1_CCCRNG	tuvB	M3R1V1_CCC	t:p	M2R1V0_RNG	xg183%	M0R1V1_CC_SNG	&daaz	M5R0V1_RNG	trib3
M6R0V0_OR	{x|o}'	M9R2V0_CCC	{$17.5}'	M5R1V0_CCC	noz5'	M0R0V0_CC_SEQ	%53'	M7R1V0_WRD	1q5Q'	M8R1V0_SEQKLE	zaaa'	M1R1V0_CCC	a'	M2R2V1_DEC	c157b'	M3R0V1_CCC	xyz_'	M4R0V2_DBB	q4fab'
M9R1V0_CCC	t.$11111111111*	M8R1V0_SEQKLE	bazza	M5R0V1_RNG	tria3	M2R0V1_DEC	1.1	M4R1V2_QST	deedodo	M7R2V1_CCCRNG	tuvX	M3R1V2_HEXRNG	unsure of special character \x	M0R1V0_CC_SEQ	&daaz	M6R1V0_OR	:	M1R1V0_CCC	notallnums
M6R1V0_OR	;	M4R0V2_DBB	q4fab	M1R0V0_CCC	#^#$^	M9R0V1_LIT	${12312:123123dfgdfgdfg}	M8R0V1_ADD	.........	M5R0V2_OR	trif3	M0R1V1_CC_SNG	&douz	M3R1V1_CCC	t:::;;;;;p	M2R2V0_RNG	b1231231231b	M7R0V1_CCCRNG	&Aa0_
M6R1V0_OR	Loralyn:	M0R0V0_CC_SEQ	%00	M9R0V0_CCC	$1:	M7R1V0_WRD	Loralyn1qSolomon	M3R0V2_HEXRNG	xyz	M2R2V1_DEC	fad123fad	M8R1V1_ADD	zabadabadoo	M5R0V1_RNG	atria3	M4R0V0_QST	abba	M1R2V0_CCC	anything
M5R0V0_CCC	tri[abvdef*9]	M3R0V1_CCC	xyz[\\\]	M0R0V0_CC_SEQ	0-9[a-f]	M7R0V1_CCCRNG	a-z[o-9]	M6R0V1_CCC	()[]	M2R1V1_DEC	%d-x[1,2,3]	M4R1V0_DBB	deedo	M1R2V0_CCC	[\\\]f-t	M9R0V1_LIT	9\\\$d+90	M8R2V0_SEQKLE	r2
M9R0V0_CCC	${58:a34}'	M2R2V1_DEC	d13f'	M4R0V1_OR	xyfab'	M1R1V0_CCC	12345'	M0R1V0_CC_SEQ	&diuz'	M3R1V0_OCTRNG	t::p'	M5R1V0_CCC	nox5;	M8R0V0_SEQKLE	88'	M6R1V2_OCTCCC	\072'	M7R2V0_WRD	tuv\'
M6R1V0_OR	a;b	M2R1V1_DEC	abcxg123%	M7R2V1_CCCRNG	tuv0	M3R1V2_HEXRNG	t:p	M1R2V0_CCC	a b	M0R0V1_CC_SNG	%A1	M5R1V0_CCC	noz5	M8R0V0_SEQKLE	.dot	M4R1V0_DBB	deedodo	M9R2V0_CCC	{$99.9}
M9R1V0_CCC	t.$$$123*	M1R0V0_CCC	StringThatContainsAtLeast1UpperOrLowerCaseCharacter	M4R0V0_QST	ImUnfamiliarWithTheQuestionMarkInRegex	M8R2V0_SEQKLE	CapitalRfollowedby0toInfiniteNumberOfCapitalRCharacters	M6R0V2_OCTCCC	stringcontaininganopeningorclosingcurlybrace	M5R0V1_RNG	trie3	M7R2V0_WRD	tuv!	M2R2V1_DEC	c2c	M0R2V1_CC_SNG	fapol	M3R1V0_OCTRNG	t:;:;:;p
M8R1V1_ADD	zam	M3R0V0_OCTRNG	xyz22	M7R1V0_WRD	1qilovemomo	M4R0V2_DBB	q4fab	M5R0V1_RNG	triab3	M6R0V1_CCC	[}	M0R1V0_CC_SEQ	&deaz	M1R0V1_DEFAULT	hello	M2R1V0_RNG	xg1123%	M9R0V1_LIT	${1:x22}
M1R2V0_CCC	[l]	M5R0V0_CCC	tri[abdefg]3	M8R0V1_ADD	[9]	M3R1V0_OCTRNG	t[}]+p	M6R1V2_OCTCCC	[a-c]	M0R2V0_CC_SEQ	fa[l][lmnp]	M2R1V0_RNG	1([0-9]{1,3})%	M4R0V1_OR	(ab)	M9R2V0_CCC	[{][$](\d+[.]\\)[}]	M7R2V0_WRD	[t-v]{1,3}\&
M2R0V0_RNG	1.2	M5R0V1_RNG	tria3	M4R0V0_QST	q4fab	M6R0V1_CCC	{	M7R0V0_WRD	{}	M9R1V0_CCC	t.$$123*	M0R2V1_CC_SNG	falll	M1R2V1_DEFAULT	a b	M3R0V1_CCC	xyz[	M8R1V0_SEQKLE	zaa
M9R1V0_CCC	t.$$$$$123*	M2R2V0_RNG	b2b	M0R0V1_CC_SNG	%12Bg2	M1R2V0_CCC	aga b	M6R0V1_CCC	{dogfood}	M4R1V1_OR	dee deedodo	M7R2V0_WRD	bratuv12	M5R0V0_CCC	tria3	M3R1V0_OCTRNG	Not sure, can't figure this one out.	M8R0V1_ADD	Pigeons everywhere.
M0R1V1_CC_SNG	&duuz	M1R2V1_DEFAULT	a b	M2R2V0_RNG	f123f	M9R0V1_LIT	${123:XY}	M5R1V0_CCC	nox5	M8R0V0_SEQKLE	0.1	M7R2V0_WRD	tuva	M6R1V2_OCTCCC	a:b	M4R0V0_QST	0ab0	M3R0V2_HEXRNG	xyz^
M8R2V0_SEQKLE	RAN	M7R0V0_WRD	&abc;	M2R1V1_DEC	xg15555%	M0R0V1_CC_SNG	%6a	M6R1V2_OCTCCC	{}	M3R0V0_OCTRNG	{}	M5R1V1_RNG	noz5	M1R1V1_DEFAULT	qrx	M4R1V2_QST	deedodox	M9R1V1_LIT	t.$$887*
M9R0V1_LIT	${123:22}	M4R1V1_OR	deedo	M8R2V1_ADD	RRR	M0R0V0_CC_SEQ	%8ad5bc	M5R0V0_CCC	trib3	M6R0V0_OR	{|}	M2R0V0_RNG	8.8	M3R1V1_CCC	t::;p	M7R0V0_WRD	&asdf;	M1R2V1_DEFAULT	asdf asdf
M5R1V1_RNG	nox5	M3R1V0_OCTRNG	t::::;;p	M4R1V2_QST	deedo	M7R1V0_WRD	41qxy	M9R1V1_LIT	t.$$1234*	M0R0V1_CC_SNG	ab%B2	M1R0V1_DEFAULT	pqr#	M2R0V0_RNG	145.231	M8R0V1_ADD	.......	M6R1V1_CCC	m:w
M1R2V0_CCC	blurg\n	M8R2V1_ADD	bluRg	M7R1V0_WRD	1qblurg	M6R0V2_OCTCCC	{blurg}?	M5R0V0_CCC	trib3	M9R0V0_CCC	${	M2R1V0_RNG	xg1000%	M0R2V0_CC_SEQ	fanol	M4R1V1_OR	blurdeedodog	M3R0V2_HEXRNG	xyz_
M9R0V0_CCC	${1:a}	M5R1V2_OR	nox5	M6R1V2_OCTCCC	:;	M3R1V2_HEXRNG	t:p	M2R2V0_RNG	a7a	M7R1V0_WRD	1q_	M0R2V0_CC_SEQ	fappp	M8R0V1_ADD	.	M1R1V0_CCC	x	M4R1V2_QST	deedoo
M0R1V1_CC_SNG	2bC'	M5R0V2_OR	trib3'	M2R0V1_DEC	12.6'	M8R1V0_SEQKLE	zaaaaa	M3R1V1_CCC	t;p'	M1R0V1_DEFAULT	*'	M6R0V2_OCTCCC	7517'	M4R0V1_OR	q4fab'	M9R2V0_CCC	{$3.4[}]'	M7R2V0_WRD	tuv3'
M7R2V0_WRD	tuvX'	M8R0V1_ADD	ok.'	M3R0V1_CCC	xyz^'	M2R2V1_DEC	b2b'	M4R0V0_QST	q4fab'	M5R1V1_RNG	noy5'	M1R0V0_CCC	char'	M0R1V1_CC_SNG	&doez'	M6R1V0_OR	hello:'	M9R1V0_CCC	t.$9*'
M1R0V1_DEFAULT	y'	M5R0V2_OR	trid3'	M7R2V1_CCCRNG	tuvUl3'	M6R1V0_OR	:;'	M4R1V0_DBB	do dodee'	M3R0V1_CCC	xyz\199'	M9R1V1_LIT	t.$$dd1'	M0R2V1_CC_SNG	falnopp'	M2R2V1_DEC	b3b'	M8R1V1_ADD	zaaz'
M2R1V1_DEC	xg1879%'	M4R1V0_DBB	deedeedodo'	M3R1V0_OCTRNG	t::;;::p'	M1R1V1_DEFAULT	 '	M8R0V0_SEQKLE	o.o'	M9R0V0_CCC	${246:ab}'	M6R0V1_CCC	ar{'	M0R1V0_CC_SEQ	&diaz'	M7R1V1_CCCRNG	1q84'	M5R0V2_OR	tria3'
M2R0V1_DEC	11.1'	M7R0V0_WRD	&aSF;'	M5R1V2_OR	noz5'	M3R1V1_CCC	t::p'	M9R2V0_CCC	{$0.9}'	M8R1V0_SEQKLE	zaaaaa'	M4R0V2_DBB	q4fab'	M6R0V1_CCC	{'	M0R0V0_CC_SEQ	%3aA0fF'	M1R2V0_CCC	 '
M9R2V0_CCC	{$12.2}'	M6R0V0_OR	}'	M2R2V1_DEC	c312d'	M1R1V0_CCC	\}{.,'	M4R1V0_DBB	deedo deedo deedo'	M8R0V1_ADD	......'	M3R0V1_CCC	xyz\'	M5R1V1_RNG	noy5'	M0R0V0_CC_SEQ	%f3'	M7R0V0_WRD	&aZZ;'
M9R0V0_CCC	${445:^}}'	M5R0V1_RNG	trid3	M8R2V1_ADD	RR'	M7R0V1_CCCRNG	&dasda;'	M3R1V2_HEXRNG	sorry, I can't	M0R1V1_CC_SNG	&diaz'	M1R0V1_DEFAULT	hi'	M4R1V2_QST	deedo dodo'	M6R0V0_OR	{'	M2R1V0_RNG	xg1999%''
M0R1V1_CC_SNG	&duuz	M3R0V2_HEXRNG	xyz_	M6R1V0_OR	;	M4R1V1_OR	deedodeedo	M1R0V0_CCC	..**..	M2R2V0_RNG	a1a	M9R1V1_LIT	t.$1*	M5R0V0_CCC	tria3	M8R0V1_ADD	..	M7R2V0_WRD	tuvock
M4R1V1_OR	dodeedododee'	M0R0V0_CC_SEQ	%00'	M7R0V1_CCCRNG	&aZ5;'	M1R0V0_CCC	 '	M2R1V1_DEC	xg1234%'	M8R0V0_SEQKLE	...............................bark'	M3R0V0_OCTRNG	xyz{I don\'t know octal escapes}'	M6R0V2_OCTCCC	idkoctal?'	M9R2V0_CCC	{$000.0}'	M5R1V2_OR	nox5'
M8R2V0_SEQKLE	abcRR	M7R0V0_WRD	&9;	M9R1V1_LIT	t.$$33*	M3R1V1_CCC	t:p	M4R0V2_DBB	ababc	M1R0V1_DEFAULT	^abc	M0R0V1_CC_SNG	%66	M2R2V1_DEC	f9f	M5R0V2_OR	trid3	M6R0V2_OCTCCC	5
M0R1V1_CC_SNG	diez	M9R2V1_LIT	$5.80	M2R1V1_DEC	xg11%	M6R0V2_OCTCCC	71	M1R1V0_CCC	6789	M5R1V1_RNG	nox5	M8R0V1_ADD	....	M7R1V0_WRD	1qww	M3R1V0_OCTRNG	t::p	M4R1V2_QST	deedodo
M3R0V2_HEXRNG	x6b'	M2R0V0_RNG	6/3/2016	M8R1V1_ADD	zaza	M5R0V0_CCC	tria3	M0R1V0_CC_SEQ	aeiou+	M7R0V1_CCCRNG	I don't know.	M9R2V1_LIT	ed	M6R1V2_OCTCCC	I don't know.	M4R0V0_QST	I don't know.	M1R2V0_CCC	I don't know.
M3R0V0_OCTRNG	xyz����	M4R0V2_DBB	mq4f abx	M7R2V1_CCCRNG	mtuv_iz	M2R1V0_RNG	xgl95%	M0R2V1_CC_SNG	fappo	M1R0V0_CCC	#ERROR!	M9R2V0_CCC	{$126685487.1}	M8R1V1_ADD	klhzazaaa	M5R0V2_OR	mtrif3	M6R1V0_OR	f:2
M3R1V0_OCTRNG	{}	M4R1V1_OR	deedododeedo	M9R1V0_CCC	t.$$$$$5555*	M0R2V1_CC_SNG	famon	M8R1V0_SEQKLE	zaaaaaa	M5R1V2_OR	nox5	M7R0V0_WRD	&aaa;	M2R2V1_DEC	d000e	M6R0V1_CCC	{}[	M1R1V1_DEFAULT	12
M4R1V0_DBB	deedo	M0R0V1_CC_SNG	%66	M7R1V1_CCCRNG	1q33	M2R2V0_RNG	ff	M3R0V1_CCC	xyz_	M8R2V1_ADD	RRRR	M1R2V0_CCC	n	M9R0V0_CCC	${}	M5R1V0_CCC	nox5	M6R0V0_OR	\
M2R2V1_DEC	a12b	M8R0V1_ADD	..	M5R0V2_OR	trie3	M3R0V0_OCTRNG	{}	M7R2V1_CCCRNG	tuv8	M9R1V0_CCC	t.$2*	M0R1V1_CC_SNG	&dooz	M4R1V2_QST	{}	M1R0V0_CCC	?	M6R1V1_CCC	{}
M0R0V0_CC_SEQ	%00	M2R0V0_RNG	45.32	M3R0V0_OCTRNG	xyz\0134	M4R0V1_OR	12q4fab	M7R0V1_CCCRNG	&aaaa__0;	M9R2V1_LIT	{$456.9}	M6R1V1_CCC	34:	M1R0V1_DEFAULT	A	M5R1V1_RNG	nox5	M8R1V1_ADD	safzaaaaa
M8R1V1_ADD	pizza	M4R1V0_DBB	deedodo	M6R1V2_OCTCCC	test:string	M3R1V2_HEXRNG	t:;;::;p	M5R0V1_RNG	tria3	M9R0V0_CCC	${321:^^^}	M1R2V0_CCC	contains tab	M7R0V1_CCCRNG	&testSTRING_123;	M2R1V1_DEC	xg1812%	M0R2V1_CC_SNG	fallout
M2R1V0_RNG	xg123%'	M9R0V1_LIT	${12::}'	M7R2V1_CCCRNG	tuv_'a	M3R0V2_HEXRNG	{}	M0R1V1_CC_SNG	&daez'	M4R0V2_DBB	q4f01ab'	M1R0V1_DEFAULT	_'	M8R2V1_ADD	RowRow'	M6R1V0_OR	:'	M5R0V0_CCC	os'trid3'
M9R1V1_LIT	t.$15555555*	M7R0V1_CCCRNG	&aBCDEFG;	M1R1V1_DEFAULT	W	M8R0V1_ADD	cats.	M3R1V0_OCTRNG	t;;;;;;;;;;;;;;;;;;	M5R1V2_OR	nox5	M2R2V0_RNG	a2e	M0R0V1_CC_SNG	%7A	M6R1V1_CCC	dr0p;	M4R1V0_DBB	dodedodeedodo
M4R1V2_QST	odeedodoo'	M6R0V0_OR	abc}xyz'	M9R0V0_CCC	x${123:---}'	M8R1V0_SEQKLE	azzaza'	M3R1V1_CCC	not;:python'	M1R2V0_CCC	x y'	M5R0V2_OR	putrid3x'	M7R0V1_CCCRNG	&id_1A;'	M2R1V0_RNG	zxg1234%z'	M0R1V1_CC_SNG	&diizzy'
M9R1V1_LIT	krut.$$123**	M7R0V0_WRD	&amaZON;	M5R0V0_CCC	astrid3	M3R1V1_CCC	tt;:;:pp	M4R1V0_DBB	deedeedodo	M8R1V0_SEQKLE	aaaazaaaa	M6R0V1_CCC	match{}	M1R2V1_DEFAULT	mary had a little lamb	M0R2V0_CC_SEQ	fanpop	M2R2V1_DEC	abc123def
M3R1V0_OCTRNG	t:p	M1R1V1_DEFAULT	987654321	M8R1V1_ADD	zaaaaaaaa	M0R0V0_CC_SEQ	abc00	M9R0V0_CCC	${1:1}	M4R0V0_QST	q4fab	M2R2V0_RNG	f9f	M5R1V1_RNG	nox5	M6R0V0_OR	{	M7R2V1_CCCRNG	atuva
M9R2V1_LIT	{$100.0}	M8R0V0_SEQKLE	0.9	M2R1V1_DEC	xg188%	M4R0V2_DBB	qf4ab00	M5R1V1_RNG	noy5	M1R1V1_DEFAULT	apple	M6R1V0_OR	a:b	M3R1V0_OCTRNG	t:p	M7R1V1_CCCRNG	1qAA	M0R1V0_CC_SEQ	&duez
M9R0V0_CCC	${16:16}	M4R1V2_QST	do deedododododo	M8R2V0_SEQKLE	ROAD	M5R0V1_RNG	trib3	M2R1V1_DEC	xg1345%212315	M6R0V1_CCC	{abba	M7R2V0_WRD	tuvaaa	M0R2V1_CC_SNG	falll	M1R0V0_CCC	*123456	M3R1V0_OCTRNG	t:p
M4R1V1_OR	deedo	M0R1V1_CC_SNG	&daaz	M6R1V2_OCTCCC	\072	M9R0V0_CCC	$[23434:23434]	M8R1V0_SEQKLE	zaaaaa	M5R0V0_CCC	trid3	M7R0V0_WRD	&foo;	M3R0V0_OCTRNG	xyz\0134	M1R0V0_CCC	@	M2R2V0_RNG	b456b
M0R0V0_CC_SEQ	%0F'	M5R1V2_OR	nox5'	M3R1V2_HEXRNG	t;p'	M4R0V1_OR	xlmab'	M9R1V1_LIT	t.'	M8R2V0_SEQKLE	SPARROW'	M1R0V0_CCC	;'	M7R2V1_CCCRNG	tuvA'	M2R0V1_DEC	abc'	M6R0V0_OR	L'
M2R0V1_DEC	22.333'	M1R2V1_DEFAULT	 '	M9R0V0_CCC	${234:123}'	M5R0V2_OR	tria3'	M4R1V2_QST	deedo dododo'	M7R0V1_CCCRNG	&Aa_;'	M8R1V1_ADD	zaaaa'	M6R1V1_CCC	:'	M3R1V2_HEXRNG	t::::p'	M0R1V0_CC_SEQ	&duuz'
M6R0V0_OR	{}	M3R0V0_OCTRNG	xyz135	M1R1V1_DEFAULT	catsarenotdigits	M4R0V1_OR	q4fab	M0R0V0_CC_SEQ	%9a9a	M8R2V1_ADD	Railway	M9R1V1_LIT	t.$$$$2342*	M7R1V1_CCCRNG	1qA9_	M5R1V0_CCC	noz5	M2R0V1_DEC	234.2352
M0R1V0_CC_SEQ	&daaz	M6R0V1_CCC	}	M1R2V0_CCC	s s s	M5R0V2_OR	tria3	M4R1V1_OR	deedo	M2R0V0_RNG	1.2	M9R1V1_LIT	t.$1*	M7R1V0_WRD	1q22	M3R1V1_CCC	t:;p	M8R2V0_SEQKLE	RRR
M0R1V1_CC_SNG	&diizzzzy	M1R1V1_DEFAULT	6	M9R2V1_LIT	{$12351.3}	M8R1V1_ADD	zzzza	M4R1V2_QST	deedo	M2R2V1_DEC	123b32e123	M6R1V1_CCC	:	M5R1V2_OR	noz5	M7R2V1_CCCRNG	tuv5	M3R1V2_HEXRNG	taaap
M4R0V0_QST	q4fab'	M0R1V0_CC_SEQ	&dioz'	M7R2V1_CCCRNG	tuv0'	M9R0V0_CCC	${1:13}'	M5R1V1_RNG	noy5'	M2R2V0_RNG	e912a'	M6R1V0_OR	:'	M8R1V0_SEQKLE	zaa'	M3R0V1_CCC	xyz_'	M1R0V1_DEFAULT	_'
M8R1V1_ADD	pstdfzzzzaaaaaaa	M9R1V1_LIT	perfect.$$$$$$$324242*	M0R2V1_CC_SNG	totalfampo	M5R0V2_OR	trie3	M7R2V0_WRD	tuvle	M1R1V1_DEFAULT	lol	M4R0V0_QST	abababab	M6R0V0_OR	poo}	M3R1V1_CCC	t:;:;:;p	M2R0V1_DEC	4535.455
M5R0V0_CCC	trid3	M3R0V1_CCC	xyz_4	M0R2V0_CC_SEQ	fapol	M8R0V1_ADD	.......	M4R1V0_DBB	deedo	M1R2V0_CCC	 '	M9R0V1_LIT	${01:}	M7R0V0_WRD	$44;	M6R1V0_OR	ss:4	M2R2V1_DEC	f241c
M2R2V1_DEC	b234d	M7R0V0_WRD	&abc;	M0R1V0_CC_SEQ	&dooz	M4R1V2_QST	abcdeedo	M9R0V1_LIT	${1234:a}	M8R0V0_SEQKLE	a.b.c	M3R0V1_CCC	xyz\abc	M6R0V2_OCTCCC	abc123	M5R0V2_OR	tria321	M1R1V1_DEFAULT	abcdefg
M7R1V1_CCCRNG	1qqq	M6R1V0_OR	;	M9R0V0_CCC	${0:t}	M5R1V0_CCC	noy55	M8R0V0_SEQKLE	0	M0R0V0_CC_SEQ	%12	M2R0V0_RNG	1.1	M1R2V1_DEFAULT	1/1/2016	M3R0V0_OCTRNG	_xyx_	M4R0V1_OR	baab
M7R1V0_WRD	1q1q	M4R1V1_OR	deedoblarg	M5R1V0_CCC	nox5	M3R1V2_HEXRNG	txp	M2R1V0_RNG	xg101%	M9R0V1_LIT	${333:apple}	M1R1V1_DEFAULT	A	M8R0V1_ADD	..	M0R1V0_CC_SEQ	&daez123456	M6R0V0_OR	{{{
M7R2V0_WRD	tuvaooo	M4R1V0_DBB	do deedo do	M5R0V1_RNG	tria3	M2R2V0_RNG	bbb2b	M6R1V2_OCTCCC	000;	M3R0V2_HEXRNG	xyz\xyz	M9R2V0_CCC	{$12.4}	M1R1V1_DEFAULT	abc123	M8R2V0_SEQKLE	RRRRRRR	M0R2V1_CC_SNG	famln3
M0R0V1_CC_SNG	%aa	M8R0V0_SEQKLE	.abcd	M1R0V1_DEFAULT	&abc	M9R0V1_LIT	${99:9x}	M4R1V0_DBB	deedo	M3R0V2_HEXRNG	xyz_23	M5R0V1_RNG	trib3	M7R1V0_WRD	1qbd	M2R1V0_RNG	xg123	M6R1V2_OCTCCC	;hey
M4R0V2_DBB	123ab	M0R0V0_CC_SEQ	%1b	M8R1V1_ADD	1zaa	M9R0V0_CCC	${42:42}	M7R0V1_CCCRNG	&a_1;	M2R1V1_DEC	xg166%	M3R0V2_HEXRNG	xyz_123	M5R0V0_CCC	tria3	M6R0V2_OCTCCC	321	M1R2V1_DEFAULT	1
M7R2V1_CCCRNG	tuvA	M9R2V0_CCC	{$12.3}	M1R2V0_CCC	 '	M3R1V2_HEXRNG	t\x3ap	M4R1V1_OR	Adeedo	M5R0V2_OR	trif3	M6R0V0_OR	{	M2R2V0_RNG	a222b	M0R1V0_CC_SEQ	&diiz	M8R2V1_ADD	RRRRRRR
M0R2V0_CC_SEQ	falnm	M1R2V1_DEFAULT	et alt	M3R1V2_HEXRNG	t;;;;;;p	M7R2V1_CCCRNG	tictuvP	M9R0V1_LIT	${16:35}	M5R0V0_CCC	trif3	M6R1V1_CCC	tiskF;:;	M4R1V1_OR	zixdeedodo	M8R2V1_ADD	TORQUE	M2R1V1_DEC	xg1374%
M1R0V0_CCC	a'	M0R1V0_CC_SEQ	fire'	M6R1V2_OCTCCC	HI'	M5R1V0_CCC	noz5'	M8R2V0_SEQKLE	ROAR'	M3R1V1_CCC	t;;;;;;;p'	M2R1V0_RNG	xg155%'	M7R0V0_WRD	z;'	M4R1V2_QST	deedodo'	M9R2V1_LIT	$3.5'
M9R2V1_LIT	{$1123.9}'	M1R1V0_CCC	9avsvs'	M4R0V2_DBB	fab'	M2R0V0_RNG	123.123'	M0R0V0_CC_SEQ	%1f'	M7R0V1_CCCRNG	&A_A'	M5R1V0_CCC	nox5'	M6R1V0_OR	a;b'	M8R2V1_ADD	ARRRRRRqq'	M3R1V0_OCTRNG	t:::p'
M0R0V1_CC_SNG	dave%00'	M1R2V1_DEFAULT	one two'	M5R1V2_OR	noy5'	M9R2V1_LIT	{$976.1}'	M3R0V2_HEXRNG	xyz_dave'	M4R0V1_OR	daveab'	M6R0V0_OR	{pop'	M7R1V0_WRD	1qqq'	M2R1V1_DEC	xg11%'	M8R1V1_ADD	zaaaaaaaaaaa'
M9R1V0_CCC	t.$2222*	M4R1V2_QST	do deedodee	M7R1V1_CCCRNG	1qbdc2	M6R1V1_CCC	;xy	M2R2V0_RNG	b8b	M1R2V1_DEFAULT	23a	M3R0V2_HEXRNG	xyz\1	M0R1V0_CC_SEQ	&duuz	M8R2V0_SEQKLE	LARRY	M5R0V1_RNG	trib3
M0R1V1_CC_SNG	&dioz	M8R0V1_ADD	......hu	M9R1V0_CCC	t.$$$23123*	M6R1V0_OR	bl;ah	M2R2V0_RNG	a4233215f	M4R0V2_DBB	q4f0ab	M5R1V1_RNG	noy5	M1R1V1_DEFAULT	sa./	M7R1V0_WRD	asda1qjss8472	M3R0V1_CCC	xyz_[]`^\
M2R2V1_DEC	a1a	M5R1V1_RNG	noy5	M0R2V1_CC_SNG	fappp	M7R2V0_WRD	tuvu	M8R2V1_ADD	AAARRRRAA	M6R1V2_OCTCCC	hah:;	M3R1V2_HEXRNG	t:;;;;;;:p	M9R0V1_LIT	${1:a}	M4R0V0_QST	sjfljsddslkjfabsdf	M1R1V0_CCC	abc
M3R0V0_OCTRNG	xyz\136	M2R1V0_RNG	xg1435%3	M7R1V1_CCCRNG	1qcbc2	M0R1V0_CC_SEQ	&diez	M4R0V2_DBB	aabb	M1R2V1_DEFAULT	hi hey	M6R0V2_OCTCCC	}oo0h	M9R2V1_LIT	{$153.4}	M8R0V1_ADD	I ran.	M5R1V2_OR	noy5
M5R1V2_OR	noy5'	M4R1V2_QST	do deedodox'	M8R1V1_ADD	bfzaaa'	M3R0V1_CCC	Unbalanced string. The first [ needs to be delimited, or needs a matching undelimted ].	M2R0V1_DEC	5.8'	M0R2V1_CC_SNG	fapzas'	M6R1V1_CCC	:'	M9R0V1_LIT	${551:bbb}'	M7R1V1_CCCRNG	1qBB'	M1R2V1_DEFAULT	bb bb'
M3R1V1_CCC	t:p	M0R1V1_CC_SNG	&daaz	M2R1V0_RNG	xg17%	M8R2V0_SEQKLE	RRABCDE	M9R1V0_CCC	t.&1*	M1R1V0_CCC	a12434	M6R1V2_OCTCCC	-3	M7R1V1_CCCRNG	1qab	M4R0V1_OR	q4fab	M5R1V2_OR	noz5
M8R2V0_SEQKLE	RREDROBIN	M1R1V1_DEFAULT	ABCDEFG	M4R0V2_DBB	blahblahab	M5R1V0_CCC	noz5	M9R2V0_CCC	{$100000.5}'	M2R2V0_RNG	b00b	M3R1V2_HEXRNG	t:p	M7R2V1_CCCRNG	tuv_	M0R2V0_CC_SEQ	falll	M6R1V2_OCTCCC	;:;:;:;:
M6R1V2_OCTCCC	:cd	M2R1V0_RNG	xg16%	M3R0V1_CCC	xyz\2	M9R0V1_LIT	${61:16}	M4R1V1_OR	deedo dee	M1R2V0_CCC	unsure	M5R1V1_RNG	nox5	M8R0V0_SEQKLE	66	M7R0V1_CCCRNG	&&a-G;	M0R1V1_CC_SNG	&douz
M7R2V0_WRD	atuve	M1R0V1_DEFAULT	_dde	M9R2V0_CCC	{$43.4}	M2R1V1_DEC	sxg134%	M4R1V1_OR	deedodome de	M8R0V1_ADD	a..z	M5R0V1_RNG	tria3	M6R0V0_OR	{fred.	M3R0V0_OCTRNG	xyz	M0R2V1_CC_SNG	fallpo
M3R1V2_HEXRNG	t:;:pp	M7R0V0_WRD	&string;	M6R0V1_CCC	abc}jes	M4R1V0_DBB	do deedo do	M0R2V0_CC_SEQ	abfallpa	M9R2V0_CCC	{$65.134}	M5R0V1_RNG	trif3	M1R1V0_CCC	cat	M2R2V0_RNG	d00d	M8R2V1_ADD	ERROR
M3R1V0_OCTRNG	t0723p	M7R0V1_CCCRNG	&aa;	M8R1V1_ADD	zap	M1R0V1_DEFAULT	a_	M6R0V0_OR	{	M2R1V0_RNG	xg1333%	M9R1V1_LIT	t.$$23*	M4R1V1_OR	deedodo	M5R1V0_CCC	nox	M0R0V0_CC_SEQ	%44
M3R0V0_OCTRNG	xyz[	M9R1V0_CCC	it.$$0a	M8R1V0_SEQKLE	mzazaaam	M1R0V0_CCC	9foo	M2R2V0_RNG	ba5bz	M6R1V2_OCTCCC	a:b	M0R0V1_CC_SNG	t%1F	M4R1V2_QST	dedeedododoo	M7R1V0_WRD	1q1z	M5R1V0_CCC	noz5noa
M4R1V2_QST	dodeedo do	M7R0V0_WRD	&wugh;	M0R0V1_CC_SNG	%aa	M1R1V0_CCC	other89	M3R1V2_HEXRNG	t;ppppp	M9R1V0_CCC	t.$12315*	M6R1V0_OR	:ero?	M2R2V0_RNG	f111231b2	M8R1V0_SEQKLE	azaer	M5R0V1_RNG	etria3ae
M2R0V0_RNG	12	M7R2V0_WRD	tuv_	M1R0V0_CCC	456	M4R0V0_QST	qfb4	M6R0V0_OR	{pcm}	M0R0V1_CC_SNG	%a9'	M5R1V2_OR	noz5	M9R1V1_LIT	qt.$111*'	M3R1V0_OCTRNG	t\71p'	M8R2V1_ADD	aRasdR
M1R1V0_CCC	XXX	M9R1V0_CCC	st.$$7*	M3R0V2_HEXRNG	axyz_42	M0R2V0_CC_SEQ	afalpop	M6R0V1_CCC	}{aaa	M2R0V1_DEC	7.3	M8R1V1_ADD	kazaa	M7R1V1_CCCRNG	sc1q756gg	M4R1V1_OR	strange deedo	M5R1V1_RNG	snox52
M2R1V0_RNG	xg151%	M6R0V1_CCC	{	M8R2V0_SEQKLE	RR	M7R0V0_WRD	&abc	M9R0V1_LIT	$#3:p}	M4R1V1_OR	deedo	M1R0V0_CCC	%$	M3R1V1_CCC	t:;p	M0R0V0_CC_SEQ	%9A	M5R0V2_OR	tria3
M3R0V2_HEXRNG	xyz_	M7R2V0_WRD	tuvh	M2R0V0_RNG	55.5	M0R0V0_CC_SEQ	%ab	M6R0V0_OR	{hello}	M9R1V1_LIT	t.$$$$*	M1R2V1_DEFAULT	 '	M5R1V0_CCC	noy5	M8R1V1_ADD	zazazaza	M4R1V2_QST	deedo do
M6R0V1_CCC	[a]'	M7R0V0_WRD	\w'	M4R0V1_OR	q4fab'	M5R0V2_OR	trid3'	M0R2V1_CC_SNG	falm'	M3R1V2_HEXRNG	t+p'	M9R0V0_CCC	${17:38}'	M8R0V0_SEQKLE	..'	M1R1V1_DEFAULT	z'	M2R0V1_DEC	17.38'
M3R1V0_OCTRNG	t:p	M5R1V1_RNG	noz5	M4R0V1_OR	qufabab	M2R2V1_DEC	a1f	M0R1V0_CC_SEQ	&daaz	M7R2V1_CCCRNG	tuvp	M9R2V1_LIT	{$12.3}	M6R1V0_OR	a:b	M8R0V0_SEQKLE	..	M1R0V0_CCC	$
M7R0V1_CCCRNG	&blahblah;	M4R1V1_OR	deedodo	M5R0V2_OR	trie3	M6R0V1_CCC	imbored{	M3R0V0_OCTRNG	xyzB	M8R2V0_SEQKLE	RRmatey	M2R0V1_DEC	3.14	M1R0V1_DEFAULT	,	M0R2V0_CC_SEQ	falop	M9R1V1_LIT	t.$2*
M1R2V1_DEFAULT	br k el	M3R1V0_OCTRNG	t;;;::ppp	M8R0V0_SEQKLE	Mr. Boxer	M4R0V2_DBB	qabxy	M7R2V0_WRD	ertuvw	M9R2V1_LIT	{$4849393.4}	M0R2V0_CC_SEQ	waterfallllll	M5R1V1_RNG	noz5	M2R0V1_DEC	54.4344	M6R0V1_CCC	Active{Wonder}
M5R0V2_OR	triabcde3	M9R0V0_CCC	${1:}}	M2R1V0_RNG	xg109%	M4R0V1_OR	q4fabxs	M7R0V1_CCCRNG	&Aa__	M8R0V1_ADD	..a	M3R0V0_OCTRNG	xyz\0135	M0R2V1_CC_SNG	falmn	M6R1V2_OCTCCC	\072	M1R0V1_DEFAULT	_
M4R0V1_OR	zyxabz	M6R0V1_CCC	axy{	M2R1V1_DEC	yuxg11%	M8R2V1_ADD	zRz	M9R2V0_CCC	{$100.5}	M0R2V1_CC_SNG	famnp	M1R1V1_DEFAULT	234	M3R1V1_CCC	t:p	M7R0V0_WRD	&a	M5R1V2_OR	noz5
M7R0V1_CCCRNG	&Aa1	M2R2V0_RNG	a11a	M9R1V1_LIT	t.$123*	M0R2V1_CC_SNG	falmn	M5R0V1_RNG	trie3	M3R0V0_OCTRNG	xyz 133	M6R1V0_OR	:	M4R1V1_OR	deedo	M1R2V0_CCC	t 1	M8R1V0_SEQKLE	zaaaaa
M5R1V2_OR	nox5	M7R2V0_WRD	tuva	M1R2V0_CCC		M6R1V1_CCC	:	M3R1V1_CCC	t:::p	M9R0V0_CCC	${1:3}	M4R0V2_DBB	q4fab	M0R2V0_CC_SEQ	fammm	M8R0V0_SEQKLE	.abc	M2R1V1_DEC	xg123%
M2R0V0_RNG	1.1'	M7R1V1_CCCRNG	1qaa'	M0R2V0_CC_SEQ	famno'	M5R0V0_CCC	trif3'	M4R1V0_DBB	dodo dee'	M6R0V0_OR	{.asdfasdf34/}'	M9R2V0_CCC	{$3.3}'	M3R0V2_HEXRNG	xyzd'	M1R2V1_DEFAULT	v'	M8R1V0_SEQKLE	zaaaaap'
M5R1V1_RNG	noy5	M9R0V0_CCC	${333:zoot}	M8R1V0_SEQKLE	zaaaab	M6R0V1_CCC	}_{	M7R2V1_CCCRNG	tuv___	M3R1V2_HEXRNG	t:::::::::p	M1R0V0_CCC	!	M4R0V0_QST	ababababab	M0R1V1_CC_SNG	&dooz	M2R2V0_RNG	abcd000efgh
M4R1V2_QST	fgaadeedododo	M6R0V2_OCTCCC	somebar{}OO	M8R2V1_ADD	RRRRRR	M1R2V0_CCC	abc    agb	M0R2V0_CC_SEQ	aofalmnfa	M3R0V0_OCTRNG	xyz{}xyz	M7R1V1_CCCRNG	1a__match	M2R2V0_RNG	aaaa0988777aaa	M5R1V0_CCC	oooonoz599	M9R2V1_LIT	{{{$1234.1}}}
M8R1V0_SEQKLE	zzzaab	M1R0V0_CCC	$#@	M3R0V2_HEXRNG	xyz\_123	M6R0V2_OCTCCC	5	M7R1V0_WRD	1q1q	M4R0V2_DBB	abq4fabab	M5R0V0_CCC	trif3	M2R1V0_RNG	xxg1012%	M0R1V0_CC_SEQ	&duuz	M9R1V0_CCC	t.$$$$999*
M4R1V1_OR	dodeedo	M9R0V0_CCC	${22:22}	M2R1V0_RNG	xg123%	M7R2V0_WRD	abctuvz	M0R2V0_CC_SEQ	fallo	M1R1V1_DEFAULT	<>	M5R1V1_RNG	noy5	M8R0V1_ADD	funny...	M6R0V2_OCTCCC	5	M3R1V2_HEXRNG	t:;:p
M7R2V0_WRD	tuva	M6R1V2_OCTCCC	I don't know what those are	M3R1V0_OCTRNG	Still don't know those characters	M4R1V2_QST	deedo	M9R0V1_LIT	{$1:a}	M1R1V0_CCC	a	M0R0V1_CC_SNG	%00	M2R1V0_RNG	xg10%	M5R0V0_CCC	tria3	M8R0V1_ADD	..
M9R0V1_LIT	\{(\d+):\[a-z]?(\d+)\}	M4R1V0_DBB	dee(do+)	M3R1V1_CCC	t(:)+(;)+p	M2R0V0_RNG	[0-9]+\.[0-9]+	M1R2V0_CCC	[a-z]+	M8R0V0_SEQKLE	[0-9]+	M5R1V1_RNG	no[w-z]?5	M6R0V1_CCC	/|	M0R0V1_CC_SNG	&[0-9]?[A-F]?[a-f]?	M7R1V1_CCCRNG	1q[a-z]{1-3}[0-9]
M4R0V1_OR	q4fab'	M2R0V0_RNG	1.2	M5R1V0_CCC	nowx5'	M6R1V1_CCC	i'	M8R2V1_ADD	Robert'	M7R1V0_WRD	1qdurr'	M1R2V1_DEFAULT	 blank'	M0R1V0_CC_SEQ	&daaz'	M3R0V0_OCTRNG	xyz135'	M9R2V0_CCC	unsure'
M1R0V1_DEFAULT	aa	M3R0V1_CCC	xyz[]`^\	M2R0V0_RNG	1a1	M5R0V0_CCC	tria3	M0R2V0_CC_SEQ	falll	M4R0V0_QST	aaaab	M8R1V1_ADD	zaa	M7R1V0_WRD	1qaa	M9R0V0_CCC	${1:^}	M6R1V0_OR	:
M7R2V1_CCCRNG	tuvAg1	M0R2V0_CC_SEQ	falmnop	M2R0V0_RNG	1.2	M3R0V1_CCC	xyz[\	M1R1V0_CCC	1456	M6R0V2_OCTCCC	1750173	M4R0V0_QST	q45ab	M9R2V0_CCC	{$1.1}	M5R0V1_RNG	trie3	M8R0V1_ADD	.a
M3R0V1_CCC	xyz_	M0R0V0_CC_SEQ	%12	M1R2V1_DEFAULT		M7R1V1_CCCRNG	1qab	M6R1V1_CCC	:	M9R2V1_LIT	{$12.3}	M8R0V0_SEQKLE	.a	M2R0V0_RNG	12.3	M4R0V0_QST	q4fab	M5R1V2_OR	noy5
M7R2V0_WRD	tuvw	M6R1V2_OCTCCC	:	M9R2V1_LIT	{$9.1}	M2R2V1_DEC	x123y	M0R1V0_CC_SEQ	&daaz	M5R1V2_OR	nox5	M1R1V0_CCC	1	M4R0V0_QST	q4f?ab	M3R0V2_HEXRNG	xyz^	M8R0V0_SEQKLE	.a
M0R0V0_CC_SEQ	%8bC	M9R0V1_LIT	4{67}	M3R0V1_CCC	xyz_	M5R0V1_RNG	tria3	M1R0V0_CCC	2Az	M6R0V2_OCTCCC	\0175	M4R0V0_QST	ab	M8R1V0_SEQKLE	zaaa	M7R0V1_CCCRNG	&Za9_;	M2R0V0_RNG	12.34
M4R0V1_OR	q4fab'	M1R0V1_DEFAULT	334'	M3R1V0_OCTRNG	t3p'	M0R2V0_CC_SEQ	falll'	M5R1V0_CCC	noz5'	M2R0V0_RNG	3.4'	M6R1V2_OCTCCC	unsure	M7R1V1_CCCRNG	1qaa'	M8R2V1_ADD	RR'	M9R1V1_LIT	t,$d'
M4R1V2_QST	deedo	M1R1V0_CCC	6	M8R2V1_ADD	wwefR	M0R2V0_CC_SEQ	fanop	M6R1V1_CCC	k;	M2R2V1_DEC	a2c	M5R1V0_CCC	noz5	M7R0V0_WRD	z	M3R0V2_HEXRNG	xyz5	M9R2V1_LIT	$56
M0R2V1_CC_SNG	fallmno	M3R0V1_CCC	xyz_2	M1R1V0_CCC	ab	M4R1V1_OR	deedo1	M5R0V0_CCC	trie3	M7R2V1_CCCRNG	tuv45	M2R0V1_DEC	45.78	M9R0V0_CCC	${456:78}	M6R0V1_CCC	ghj{k	M8R2V0_SEQKLE	ARRRRRRRGH
M2R0V1_DEC	15.6	M0R1V0_CC_SEQ	&douz	M7R0V0_WRD	&bdr;	M6R1V2_OCTCCC	;fdfd	M1R2V1_DEFAULT	abc	M3R1V0_OCTRNG	t:::p	M5R0V2_OR	tria3	M9R1V0_CCC	t.$$23*	M8R2V0_SEQKLE	RRABC	M4R1V1_OR	abcdeedooobdm
M2R2V1_DEC	abc123def	M1R0V0_CCC	J@ne	M0R1V0_CC_SEQ	Haagen&daazIceCream	M6R0V2_OCTCCC	}{	M9R0V1_LIT	${12:34}	M7R2V1_CCCRNG	stuvwx	M4R0V1_OR	absolutelyfabulous	M8R1V1_ADD	xyzaaaaa	M3R1V0_OCTRNG	t;p	M5R1V2_OR	noz5
M9R0V1_LIT	${123:g}	M8R1V1_ADD	sajfdlksajdzaaaaaa	M3R0V0_OCTRNG	xyz_	M6R0V0_OR	}{}{}{}{675	M7R0V0_WRD	&monkey;	M4R0V1_OR	abababababa	M5R0V2_OR	trie3	M0R2V1_CC_SNG	famoo	M2R1V0_RNG	xg111%	M1R0V0_CCC	_
M6R0V1_CCC	abc{123	M9R1V1_LIT	t.$$777*	M8R2V0_SEQKLE	abcRRRRR123	M3R1V1_CCC	t::::p123	M0R0V0_CC_SEQ	abc%77	M7R0V1_CCCRNG	xyz&AbC99_F;	M4R0V2_DBB	abcq4fabdef	M1R2V0_CCC	trap	M2R0V1_DEC	77.11	M5R0V1_RNG	trie3123
M2R0V1_DEC	10.12	M1R1V1_DEFAULT	R	M8R2V1_ADD	RRRRR	M0R2V0_CC_SEQ	falll	M7R2V0_WRD	tuv1	M4R1V0_DBB	deedo	M3R0V0_OCTRNG	xyz1	M9R2V0_CCC	{$9.9}	M6R0V2_OCTCCC	175	M5R0V0_CCC	trid3
M2R0V0_RNG	12.4'	M9R2V1_LIT	{$61.15}'	M3R0V0_OCTRNG	xyz134'	M4R1V1_OR	{}	M5R1V1_RNG	noy5'	M6R1V2_OCTCCC	:;'	M1R2V1_DEFAULT	 65'	M7R1V1_CCCRNG	1q25'	M8R2V0_SEQKLE	RRRR'	M0R2V1_CC_SNG	fallo'
M1R1V1_DEFAULT	A'	M5R0V1_RNG	trib3'	M3R1V2_HEXRNG	t;:;p'	M7R0V1_CCCRNG	&faa;'	M0R0V0_CC_SEQ	%0A'	M2R0V0_RNG	10.5'	M6R0V1_CCC	{'	M8R2V0_SEQKLE	RRRRRR'	M9R0V1_LIT	${45:54}'	M4R0V2_DBB	q4fab'
M8R0V0_SEQKLE	0.2	M9R2V0_CCC	{$36.5}	M4R1V2_QST	deedo	M6R0V1_CCC	}{	M3R1V2_HEXRNG	t:p	M2R1V0_RNG	xg12%	M0R0V1_CC_SNG	%12	M5R0V2_OR	trif3	M7R2V1_CCCRNG	tuv1	M1R1V1_DEFAULT	23
M2R1V0_RNG	xg122%	M7R2V0_WRD	tuv9	M1R2V1_DEFAULT	ss dd	M0R0V0_CC_SEQ	%a8	M9R2V1_LIT	{$111.1}	M4R0V1_OR	asdfab	M3R1V0_OCTRNG	t;;p	M6R1V2_OCTCCC	asdf:	M5R1V2_OR	nox5	M8R2V0_SEQKLE	RRRRRRRR1
M2R2V1_DEC	c43a'	M8R0V0_SEQKLE	3egt6'	M6R0V2_OCTCCC	([d])	M3R0V1_CCC	xyz_3e'	M5R1V0_CCC	noy5'	M7R0V1_CCCRNG	&Cg4_;'	M4R0V2_DBB	q4f0ab'	M0R2V0_CC_SEQ	fanlo'	M1R1V1_DEFAULT	45'	M9R2V0_CCC	{$44.42}'
M5R1V0_CCC	nox5	M9R1V0_CCC	t.&937*	M6R0V2_OCTCCC	53	M4R0V1_OR	2938fhq4fab	M3R1V1_CCC	t::p	M2R2V0_RNG	bbb8b	M1R0V1_DEFAULT	.}	M0R1V0_CC_SEQ	&daaz	M8R1V0_SEQKLE	98za	M7R0V0_WRD	&zxYY;
M9R1V0_CCC	t.$1*	M8R2V1_ADD	RR	M2R1V1_DEC	xg135%	M3R0V1_CCC	xyz`	M5R1V0_CCC	now5	M7R1V0_WRD	1q1q	M6R0V0_OR	{sdfasdf	M0R2V0_CC_SEQ	falll	M4R0V2_DBB	q4fab	M1R1V1_DEFAULT	asdasd
M1R2V1_DEFAULT	cheese cake	M9R1V1_LIT	t.$5*	M8R2V1_ADD	RRRR	M3R1V1_CCC	t::p	M4R0V2_DBB	q4fab	M0R2V1_CC_SNG	falll	M7R1V0_WRD	1qgg	M2R2V0_RNG	a999b	M5R0V0_CCC	tria3	M6R1V1_CCC	:
M3R1V1_CCC	t::;;:p	M7R1V1_CCCRNG	1qAa	M1R2V0_CCC	oops jo	M2R0V1_DEC	44.23	M0R0V1_CC_SNG	%0A	M6R1V1_CCC	app:;:;	M9R1V0_CCC	t.$$$3*	M5R0V0_CCC	trib3	M8R1V0_SEQKLE	zaaaaaaaaa	M4R1V0_DBB	deedodo
M5R1V1_RNG	nox5	M2R0V1_DEC	12.13	M9R2V1_LIT	{$32.4}	M6R0V0_OR	{	M4R0V1_OR	q4fab	M1R2V1_DEFAULT	1/2/2016	M3R0V1_CCC	xyz^	M0R2V1_CC_SNG	fallo	M7R2V1_CCCRNG	tuvA	M8R1V1_ADD	pizza
M2R0V1_DEC	8.5	M3R1V2_HEXRNG	{}	M7R2V1_CCCRNG	tuvW	M0R1V0_CC_SEQ	&daaz	M8R1V1_ADD	zaa	M5R1V1_RNG	nox5	M4R0V0_QST	q4fab	M9R1V1_LIT	t.$$1*	M6R1V0_OR	:	M1R0V1_DEFAULT	W
M6R0V1_CCC	[}{]	M8R0V1_ADD	Hi.hi	M4R1V0_DBB	99deedo	M1R1V1_DEFAULT	Hi	M7R0V1_CCCRNG	&9;	M2R1V1_DEC	Xg122%	M0R2V0_CC_SEQ	Falll	M5R1V2_OR	Noz5	M3R0V0_OCTRNG	Unsure	M9R2V0_CCC	{$2333.4}
M5R1V0_CCC	nox5'	M1R2V0_CCC	 '	M3R0V2_HEXRNG	xyz['	M0R1V1_CC_SNG	&daaz'	M8R0V0_SEQKLE	. .'	M4R0V1_OR	q4fab'	M7R0V0_WRD	&abc;'	M2R1V1_DEC	xg13%	M6R0V0_OR	{'	M9R2V0_CCC	{$123.2}'
M8R0V0_SEQKLE	.hi	M5R0V0_CCC	trib3	M7R0V1_CCCRNG	&aBC;	M9R1V0_CCC	t.$$28*	M4R1V1_OR	deedooooo	M2R1V1_DEC	Helloxg1345%6	M1R0V0_CCC	#^&$(@#^$	M6R1V0_OR	Hello;	M0R2V1_CC_SNG	falop	M3R1V2_HEXRNG	t;;plol
M6R1V1_CCC	,,,'	M3R0V2_HEXRNG	xyzxyz'	M0R0V0_CC_SEQ	%F'	M5R0V2_OR	triaf3'	M4R1V0_DBB	deedodeedo'	M8R2V1_ADD	RRRR'	M2R2V1_DEC	adef'	M1R2V1_DEFAULT	3'	M7R0V0_WRD	%w3'	M9R0V0_CCC	dddd'
M0R1V1_CC_SNG	%deiz'	M1R2V0_CCC	 2'	M7R2V0_WRD	tuv '	M4R1V0_DBB	deedo'	M8R1V0_SEQKLE	zaaaaaa'	M9R2V1_LIT	{$3.00}'	M3R0V1_CCC	xyzyz'	M2R1V1_DEC	1x1g1131%'	M6R1V1_CCC	::;'	M5R1V0_CCC	nox5'
M7R1V0_WRD	1qas	M5R1V1_RNG	nox5	M6R1V2_OCTCCC	7	M0R1V0_CC_SEQ	&daez	M9R1V0_CCC	t.$12*	M4R0V0_QST	q4fa	M2R1V1_DEC	xg123%	M1R1V0_CCC	a	M8R0V0_SEQKLE	.a	M3R0V2_HEXRNG	xyz5b5f
M0R2V1_CC_SNG	falom	M1R0V1_DEFAULT	fmr	M7R1V1_CCCRNG	1qAbr1	M6R1V1_CCC	tl;dr	M8R1V0_SEQKLE	czar	M9R1V1_LIT	art.$$44*	M4R1V0_DBB	deedodo	M3R1V1_CCC	t;:;p	M2R0V1_DEC	12.346	M5R1V2_OR	nox5
M5R0V2_OR	trie3	M3R1V2_HEXRNG	t:p	M7R2V0_WRD	tuv9	M4R0V0_QST	q4fq4fq4fab	M6R0V0_OR	}	M9R0V1_LIT	${:xyz}	M1R1V1_DEFAULT	/	M0R0V1_CC_SNG	%ff	M2R2V1_DEC	d55d	M8R2V1_ADD	RR
M0R0V0_CC_SEQ	%1233	M4R1V2_QST	dodeedo	M5R1V1_RNG	noz5	M8R1V1_ADD	qzaaaaaaaazzzq	M2R1V0_RNG	xg111%	M7R0V0_WRD	&sad;	M9R2V1_LIT	{$1.9}	M3R1V0_OCTRNG	t:::::::p	M1R1V0_CCC	1qwert9!	M6R1V0_OR	;!:::12345
M7R0V0_WRD	&abc	M1R0V0_CCC	A923	M9R0V1_LIT	${444:f}	M2R1V0_RNG	xg1222%	M4R0V0_QST	4ab	M8R2V0_SEQKLE	RRamp	M6R1V1_CCC	:isunderused	M5R0V0_CCC	trid3	M3R0V1_CCC	xyz]3	M0R0V1_CC_SNG	%bF
M4R0V1_OR	q4fab	M9R0V0_CCC	unsure	M5R1V2_OR	nox5	M6R1V1_CCC	:	M3R0V1_CCC	xyz^	M7R0V1_CCCRNG	unsure	M1R2V1_DEFAULT		M0R0V1_CC_SNG	%0a	M2R1V1_DEC	xg1222%	M8R0V0_SEQKLE	wolf
M4R0V1_OR	q4fab	M6R0V2_OCTCCC	5	M7R1V1_CCCRNG	1qAB	M1R1V1_DEFAULT	ccccccc	M9R2V0_CCC	{$1.4}	M0R2V1_CC_SNG	afalmno	M2R2V0_RNG	a9b	M5R1V2_OR	noz5	M8R2V1_ADD	ROUND	M3R0V0_OCTRNG	xyz3
M1R1V0_CCC	\d	M6R1V1_CCC	;df	M0R1V1_CC_SNG	&diiz	M8R1V1_ADD	sdjklfjdszaza	M9R0V0_CCC	${11:11}	M5R0V0_CCC	tria3	M2R0V1_DEC	10.5	M7R1V0_WRD	1q56	M3R0V2_HEXRNG	xyz_6	M4R0V0_QST	dsfadfabdfsadf
M6R1V1_CCC	test:;	M9R1V0_CCC	test$$555test	M4R0V2_DBB	testab	M2R0V0_RNG	100a.100	M3R0V1_CCC	xyz_[]`^\	M0R0V1_CC_SNG	%S4	M7R2V0_WRD	tuvxyz	M1R0V1_DEFAULT	hello_	M5R1V1_RNG	not5	M8R1V0_SEQKLE	zaaaaaaa
M1R1V0_CCC	xs5ss	M2R0V1_DEC	1.5	M9R2V0_CCC	{$56.6}	M3R0V2_HEXRNG	xyz\	M6R0V0_OR	{stuffhere}	M8R2V1_ADD	RRRRR	M7R1V0_WRD	1qss	M0R1V1_CC_SNG	&daez	M4R0V1_OR	abq4fab	M5R0V1_RNG	tric3
M8R1V0_SEQKLE	zazaaza	M1R0V0_CCC	123ABCabc	M4R0V0_QST	q4f1ab	M7R2V1_CCCRNG	tuva123	M2R2V1_DEC	gg123a	M9R1V1_LIT	t.$$$$$$1234hello	M3R0V2_HEXRNG	xyz137	M0R0V1_CC_SNG	%1A5e	M6R0V2_OCTCCC	53	M5R0V0_CCC	trid3
M6R0V1_CCC	sdfds{sfdf	M5R0V2_OR	ggtrib3bb	M1R0V0_CCC	fdr-ko	M9R1V1_LIT	lolt.$$123*abc	M3R1V2_HEXRNG	art;;;;pgh	M8R0V0_SEQKLE	aa.aa	M0R1V1_CC_SNG	&daezdsf	M2R0V1_DEC	aa8.5aa	M7R1V1_CCCRNG	1q12	M4R1V1_OR	dsffdsdeedodosdffds
M5R0V0_CCC	trie3	M2R2V0_RNG	a7a	M1R2V1_DEFAULT	y 7	M7R1V0_WRD	b1qtz	M8R0V1_ADD	tv..	M0R1V0_CC_SEQ	&doaz	M9R2V1_LIT	{$4.3}	M3R1V2_HEXRNG	t:;;:p	M6R0V2_OCTCCC	{}	M4R1V1_OR	a deedodo
M7R1V0_WRD	lqabc2d	M5R1V2_OR	noz52	M8R0V1_ADD	.......	M1R2V0_CCC		M9R2V1_LIT	{$100.0}	M0R0V0_CC_SEQ	x%aa	M3R1V0_OCTRNG	t;;:;p	M2R0V0_RNG	111.1	M6R0V1_CCC	{	M4R0V2_DBB	q0ab
M6R1V1_CCC	foo:bar	M4R1V0_DBB	dee deedo do	M5R1V0_CCC	noz5	M3R1V0_OCTRNG	t;::;p	M9R0V1_LIT	${8:foo}	M7R1V1_CCCRNG	1q2r	M2R1V1_DEC	blahxg1000%blah	M0R1V1_CC_SNG	eggs_&dooz_spam	M1R1V1_DEFAULT	Anything but a digit	M8R2V1_ADD	ARRRRRRR, ye scallywag!
M4R0V2_DBB	ccq4f	M7R2V1_CCCRNG	tuv12	M3R0V0_OCTRNG	xyz\0133	M9R1V0_CCC	t.$2*	M6R0V2_OCTCCC	pp	M1R0V1_DEFAULT	{b}	M0R0V1_CC_SNG	%1h	M8R0V1_ADD	aa	M5R0V0_CCC	tria3	M2R2V0_RNG	a3b
M7R1V1_CCCRNG	1qwe	M2R1V1_DEC	xg11%	M9R1V1_LIT	t.$0*	M6R0V1_CCC	{	M8R2V0_SEQKLE	RR	M0R0V1_CC_SNG	%00	M5R1V2_OR	nox5	M3R1V0_OCTRNG	t:p	M4R1V0_DBB	deedo	M1R1V0_CCC	abc
M4R0V1_OR	fa4q	M0R1V1_CC_SNG	qwei&d	M6R1V1_CCC	;:]	M3R1V1_CCC	tp:;	M8R0V1_ADD	+.	M2R2V1_DEC	af	M9R0V1_LIT	$:^	M5R1V0_CCC	wxy5	M7R1V0_WRD	1qw	M1R0V0_CCC	157Za
M0R2V1_CC_SNG	falmnrrr'	M8R2V1_ADD	RRRash'	M9R1V0_CCC	rt.$$575*'	M1R2V1_DEFAULT	aa bb'	M7R2V1_CCCRNG	tuvAa1'	M6R1V0_OR	aa:;bb'	M2R1V0_RNG	xg154%'	M4R1V2_QST	deedodododeedo'	M3R1V1_CCC	txxt::;p'	M5R0V1_RNG	atrif334'
M4R0V0_QST	MATCHEDab	M9R0V0_CCC	${99:99}	M6R0V1_CCC	{hi}	M0R0V1_CC_SNG	%af	M5R1V1_RNG	noz5	M8R0V1_ADD	two dogs...	M1R1V1_DEFAULT	thismatches	M7R0V0_WRD	&word;	M3R1V0_OCTRNG	t;;;;;;;p	M2R0V0_RNG	5.6
M5R0V1_RNG	trif3	M3R0V2_HEXRNG	xyz_2	M6R0V0_OR	{{{{{{{{{{{	M9R2V0_CCC	{$3.14}	M4R1V1_OR	deedodododododo	M0R0V1_CC_SNG	d%f0	M1R2V0_CCC	p	M2R2V1_DEC	fffff333333333333f	M8R2V1_ADD	gRRRR8	M7R1V1_CCCRNG	z1qaa
M4R0V2_DBB	qab	M8R1V0_SEQKLE	zaaaa	M6R0V0_OR	{	M9R1V0_CCC	t.$$55	M1R1V1_DEFAULT	45	M3R0V1_CCC	xyz[	M2R2V0_RNG	a2a	M5R0V2_OR	trif3	M0R2V0_CC_SEQ	fammm	M7R1V0_WRD	1q
M7R1V1_CCCRNG	1qab	M8R2V1_ADD	RR	M3R1V2_HEXRNG	t;:;p	M4R1V2_QST	deedo	M5R0V1_RNG	tria3	M0R1V1_CC_SNG	&daaz	M1R0V1_DEFAULT	}	M6R0V0_OR	{	M2R1V1_DEC	xg1345%	M9R1V1_LIT	t.$$$41*
M4R0V2_DBB	q4fab	M2R1V1_DEC	xg1999%	M7R0V1_CCCRNG	&awoejfa;	M0R0V0_CC_SEQ	%bb	M5R1V1_RNG	nox5	M1R1V0_CCC	{}	M9R0V1_LIT	${412:44}	M6R1V1_CCC	a:a	M3R0V2_HEXRNG	xyz5b	M8R1V1_ADD	1za
M7R1V1_CCCRNG	1qsd	M0R2V0_CC_SEQ	famno	M8R0V0_SEQKLE	.foo	M5R1V2_OR	noz5	M9R2V1_LIT	{$42.3}	M4R1V0_DBB	deedo	M2R0V1_DEC	42.42	M1R1V0_CCC	123abc	M3R0V0_OCTRNG	xyz_33	M6R1V1_CCC	go;
M7R1V0_WRD	1qaf'	M4R0V1_OR	fab'	M1R0V1_DEFAULT	1?'	M9R2V0_CCC	{$3.18}'	M5R1V2_OR	nox5'	M8R0V0_SEQKLE	..'	M2R1V1_DEC	xg213%'	M3R1V0_OCTRNG	t\72p'	M6R1V2_OCTCCC	/072'	M0R1V1_CC_SNG	&daez'
M0R0V1_CC_SNG	0Aa0Aa'	M5R0V0_CCC	trief3'	M9R0V1_LIT	88'	M6R0V1_CCC	None	M7R1V0_WRD	1q44'	M2R1V0_RNG	xg113%'	M8R1V1_ADD	zaaaaaa'	M3R0V0_OCTRNG	xyz'	M4R1V0_DBB	deedodeedodedoodedoo'	M1R0V1_DEFAULT	*'
M8R2V0_SEQKLE	RAAIRR	M2R2V1_DEC	d13a	M3R1V0_OCTRNG	t::p	M0R2V0_CC_SEQ	famp	M5R1V1_RNG	noz5	M6R0V2_OCTCCC	{z}	M7R1V0_WRD	1q$$	M4R1V1_OR	deedo dee	M9R1V0_CCC	t.$$55*	M1R0V0_CCC	2Azz
M5R1V2_OR	noy5	M0R1V1_CC_SNG	&duuz'	M1R1V0_CCC	856'	M4R0V0_QST	q4f'	M3R1V1_CCC	t:;p'	M2R1V0_RNG	xg258%2	M7R2V1_CCCRNG	tuvAa1'	M9R0V1_LIT	NA	M8R0V1_ADD	.....'	M6R1V1_CCC	;'
M1R1V0_CCC	asdf'	M5R1V1_RNG	now12'	M2R2V1_DEC	a9999999a'	M7R1V1_CCCRNG	1qa0q'	M3R0V2_HEXRNG	xyz_123'	M9R1V0_CCC	t.$$$$$$$$$$$1234*'	M4R0V0_QST	abdf	M0R0V0_CC_SEQ	%eF	M6R1V0_OR	cookie!;	M8R0V0_SEQKLE	.....
M2R1V1_DEC	xg1313%	M4R1V0_DBB	deedo	M8R0V1_ADD	..	M9R0V0_CCC	${1:x22}	M5R0V2_OR	trib3	M1R0V1_DEFAULT	+	M6R0V2_OCTCCC	}}	M3R0V1_CCC	xyz\3	M7R1V0_WRD	1qee	M0R0V1_CC_SNG	%2b
M8R1V1_ADD	zaa	M0R0V1_CC_SNG	%01	M6R1V2_OCTCCC	I think those are the octal value of somehing I'm unsure of	M4R0V1_OR	q4fab	M1R2V0_CCC	 '	M5R1V1_RNG	noz5	M9R1V0_CCC	t.$1*	M7R1V1_CCCRNG	1qaa	M3R1V2_HEXRNG	t:p	M2R2V1_DEC	a1a
M3R0V0_OCTRNG	xyz[	M5R1V0_CCC	nox5	M4R1V0_DBB	deedododo	M2R0V1_DEC	843798437.4	M9R2V1_LIT	{$345234.1}dsfaj	M8R1V0_SEQKLE	adfklj3498rasjlkefh3948usifb3498	M0R2V1_CC_SNG	falll	M7R2V1_CCCRNG	tuvA	M1R2V1_DEFAULT	asdf asdf	M6R1V2_OCTCCC	asdf(asdf
M2R1V1_DEC	xg12%	M4R1V0_DBB	deedo	M1R2V0_CCC	a	M0R0V0_CC_SEQ	%a1	M5R0V1_RNG	tria3	M9R2V1_LIT	{$0.0}	M7R2V0_WRD	tuvv	M3R0V0_OCTRNG	xyz133	M6R0V2_OCTCCC	5	M8R0V1_ADD	..
M7R0V1_CCCRNG	&abc123	M4R0V0_QST	qab	M5R0V0_CCC	trif3	M1R0V1_DEFAULT	a_	M3R0V1_CCC	xyz'	M2R0V1_DEC	6.44	M6R1V0_OR	yellow:	M0R1V0_CC_SEQ	&daoz	M8R2V0_SEQKLE	aj2R9	M9R2V1_LIT	{$923.1}
M8R1V0_SEQKLE	zaaaaaaaa	M5R0V2_OR	trif3	M1R0V1_DEFAULT	$=GyHWj	M9R1V0_CCC	batt.$$$$$$$32423423*afdsfsd	M2R0V0_RNG	3423.234234	M7R2V1_CCCRNG	gasdafsftuv6463jsj	M3R1V1_CCC	dgsdfgdt::;;::;:pgfgdsfgdsfg	M4R0V2_DBB	asdfsdfsadfabdsfasdf	M6R1V0_OR	ouewhweh:;ertwert	M0R1V0_CC_SEQ	qweoru&dooz2234lj
M8R2V0_SEQKLE	RRR'	M1R1V0_CCC	98'	M0R2V1_CC_SNG	fap'	M6R0V0_OR	{}'	M9R2V1_LIT	1.1'	M7R1V0_WRD	1qaaaa'	M3R1V2_HEXRNG	t::' U	M4R1V0_DBB	deedodo'	M5R0V1_RNG	trid3'	M2R2V0_RNG	f8f'
M6R0V2_OCTCCC	458	M5R1V1_RNG	noz5	M7R0V0_WRD	&abc;	M8R2V1_ADD	Right	M3R0V1_CCC	xyz\	M2R0V0_RNG	10.1	M4R1V2_QST	deedo	M0R2V1_CC_SNG	falmn	M1R0V0_CCC	3	M9R0V1_LIT	#${1:x000}
M3R0V0_OCTRNG	xyz^	M5R0V1_RNG	trif3	M1R1V0_CCC	abcd	M8R0V0_SEQKLE	.foo	M7R0V0_WRD	&abc123;	M2R0V0_RNG	12.13	M0R0V0_CC_SEQ	%AF	M6R1V2_OCTCCC	stuff:here	M9R2V1_LIT	{$23.4}	M4R1V1_OR	deedo
M0R0V1_CC_SNG	x%f612	M5R1V0_CCC	nox5	M4R0V1_OR	q4fab	M3R1V1_CCC	t;:::;p	M7R1V1_CCCRNG	1qAg	M1R2V1_DEFAULT	amazon mturk	M2R0V0_RNG	8.5	M8R1V0_SEQKLE	zaaaaaaaa	M6R1V0_OR	Leif:fde	M9R0V0_CCC	${567:45}
M3R1V1_CCC	t::::::::::::;;;;;;;p	M4R0V1_OR	ab	M8R2V0_SEQKLE	RR	M6R1V2_OCTCCC	?	M5R1V0_CCC	noz5	M2R2V1_DEC	f9879f	M0R1V0_CC_SEQ	&daaz	M1R0V1_DEFAULT	,	M7R0V1_CCCRNG	&d+	M9R2V1_LIT	{$234562366232.2}
M8R0V1_ADD	my string ... haz matches	M1R0V1_DEFAULT	My effort is 100%!	M3R0V2_HEXRNG	xyz^	M4R0V0_QST	q4fq4fab	M2R0V0_RNG	123.456	M6R0V1_CCC	{hope}	M0R2V0_CC_SEQ	fappp	M9R2V0_CCC	{$232.324}	M7R1V1_CCCRNG	1qAA	M5R1V2_OR	nox5
M1R2V0_CCC	x yz	M2R2V0_RNG	b124c	M3R0V1_CCC	xxxyz_zyx	M9R0V1_LIT	${222:xxx}	M4R1V1_OR	deedodeedododeede	M0R2V0_CC_SEQ	dafamnop	M5R0V1_RNG	ztrib34	M7R1V1_CCCRNG	#1qaBc	M8R0V0_SEQKLE	dog...	M6R1V2_OCTCCC	12:03