UniqueID,HIT_ID,String,String1,String2,nCorrect_over_nAnswered
0,0,([:;])’,([:;]),([:;]),1
1,0,fa[lmnop][lmnop][lmnop]’,fa[lmnop][lmnop][lmnop],fa[lmnop][lmnop][lmnop],1
2,0,(deedo(do)?)’,(deedo(do)?),(deedo(do)?),0.8
3,0,&([A-Za-z0-9_]+);’,&([A-Za-z0-9_]+);,&([A-Za-z0-9_]+);,1
4,0,[a-f](\d+)[a-f]’,[a-f](\d+)[a-f],[a-f](\d+)[a-f],0.8
5,0,t[\072-\073]+p’,t[\072-\073]+p,t[\072-\073]+p,1
6,0,RR*’,RR*,RR*,1
7,0,[^0-9A-Za-z]’,[^0-9A-Za-z],[^0-9A-Za-z],0.4
8,0,\{\$(\d+\.\d)\}’,\{\$(\d+\.\d)\},\{\$(\d+\.\d)\},0.8
9,0,no(w|x|y|z)5’,no(w|x|y|z)5,no(w|x|y|z)5,1
10,1,[^0-9]’,[^0-9],[^0-9],0.6
11,1,(deedo(do)?)’,(deedo(do)?),(deedo(do)?),0.6
12,1,xyz[\0133-\0140]’,xyz[\0133-\0140],xyz[\0133-\0140],0.6
13,1,tri(a|b|c|d|e|f)3',tri(a|b|c|d|e|f)3,tri(a|b|c|d|e|f)3,0.4
14,1,([\0175\0173])',([\0175\0173]),([\0175\0173]),0.5
15,1,[{][$](\d+[.]\d)[}]',[{][$](\d+[.]\d)[}],[{][$](\d+[.]\d)[}],0.5
16,1,tuv[A-Za-z0-9_]',tuv[A-Za-z0-9_],tuv[A-Za-z0-9_],0.5
17,1,([0-9]+)\.([0-9]+)',([0-9]+)\.([0-9]+),([0-9]+)\.([0-9]+),0.8
18,1,fa[lmnop][lmnop][lmnop]',fa[lmnop][lmnop][lmnop],fa[lmnop][lmnop][lmnop],0.6
19,1,zaa*',zaa*,zaa*,0.6
20,2,RR*',RR*,RR*,1
21,2,(\d+)\.(\d+)',(\d+)\.(\d+),(\d+)\.(\d+),1
22,2,&([A-Za-z0-9_]+);',&([A-Za-z0-9_]+);,&([A-Za-z0-9_]+);,0.8
23,2,&d([aeiou]{2})z',&d([aeiou]{2})z,&d([aeiou]{2})z,1
24,2,xyz[\x5b-\x5f]',xyz[\x5b-\x5f],xyz[\x5b-\x5f],0.6
25,2,(:|;)',(:|;),(:|;),1
26,2,[^0-9]',[^0-9],[^0-9],0
27,2,t\.\$+\d+\*',t\.\$+\d+\*,t\.\$+\d+\*,1
28,2,(deedo(do)?)',(deedo(do)?),(deedo(do)?),1
29,2,no(w|x|y|z)5',no(w|x|y|z)5,no(w|x|y|z)5,1
30,3,[\t\r\f\n ]',[\t\r\f\n ],[\t\r\f\n ],1
31,3,%([0-9a-fA-F][0-9a-fA-F])',%([0-9a-fA-F][0-9a-fA-F]),%([0-9a-fA-F][0-9a-fA-F]),0.8
32,3,(:|;)',(:|;),(:|;),1
33,3,"xg1([0-9]{1,3})%'","xg1([0-9]{1,3})%","xg1([0-9]{1,3})%",1
34,3,no[wxyz]5',no[wxyz]5,no[wxyz]5,0.8
35,3,t[.][$]+\d+[*]',t[.][$]+\d+[*],t[.][$]+\d+[*],1
36,3,((q4f)?ab)',((q4f)?ab),((q4f)?ab),1
37,3,t[\x3a-\x3b]+p',t[\x3a-\x3b]+p,t[\x3a-\x3b]+p,1
38,3,tuv\w',tuv\w,tuv\w,0.2
39,3,za+',za+,za+,1
40,4,tri[abcdef]3',tri[abcdef]3,tri[abcdef]3,0.8
41,4,%([0-9A-Fa-f]{2})',%([0-9A-Fa-f]{2}),%([0-9A-Fa-f]{2}),0.4
42,4,(deedo|deedodo)',(deedo|deedodo),(deedo|deedodo),1
43,4,t\.\$+\d+\*',t\.\$+\d+\*,t\.\$+\d+\*,1
44,4,[^0-9A-Za-z]',[^0-9A-Za-z],[^0-9A-Za-z],0
45,4,&([A-Za-z0-9_]+);',&([A-Za-z0-9_]+);,&([A-Za-z0-9_]+);,1
46,4,([0-9]+)\.([0-9]+)',([0-9]+)\.([0-9]+),([0-9]+)\.([0-9]+),1
47,4,RR*',RR*,RR*,0.6
48,4,([:;])',([:;]),([:;]),1
49,4,xyz[\x5b-\x5f]',xyz[\x5b-\x5f],xyz[\x5b-\x5f],0.6
50,5,tuv\w',tuv\w,tuv\w,0.8
51,5,"xg1(\d{1,3})%'","xg1(\d{1,3})%","xg1(\d{1,3})%",0.6
52,5,tri[a-f]3',tri[a-f]3,tri[a-f]3,0.4
53,5,[\s]',[\s],[\s],1
54,5,&d([aeiou]{2})z',&d([aeiou]{2})z,&d([aeiou]{2})z,0.8
55,5,([\0175\0173])',([\0175\0173]),([\0175\0173]),0.6
56,5,[{][$](\d+[.]\d)[}]',[{][$](\d+[.]\d)[}],[{][$](\d+[.]\d)[}],1
57,5,za+',za+,za+,0.8
58,5,(q4fab|ab)',(q4fab|ab),(q4fab|ab),0.8
59,5,t[:;]+p',t[:;]+p,t[:;]+p,1
60,6,((q4f)?ab)',((q4f)?ab),((q4f)?ab),0.8
61,6,t[.][$]+\d+[*]',t[.][$]+\d+[*],t[.][$]+\d+[*],1
62,6,&(\w+);',&(\w+);,&(\w+);,NA
63,6,fa[lmnop]{3}',fa[lmnop]{3},fa[lmnop]{3},0.6
64,6,[\s]',[\s],[\s],NA
65,6,t[:;]+p',t[:;]+p,t[:;]+p,1
66,6,RR*',RR*,RR*,0.8
67,6,tri(a|b|c|d|e|f)3',tri(a|b|c|d|e|f)3,tri(a|b|c|d|e|f)3,1
68,6,(:|;)',(:|;),(:|;),0.8
69,6,(\d+)\.(\d+)',(\d+)\.(\d+),(\d+)\.(\d+),1
70,7,(\d+)\.(\d+)',(\d+)\.(\d+),(\d+)\.(\d+),1
71,7,"((q4f){0,1}ab)'","((q4f){0,1}ab)","((q4f){0,1}ab)",0.6
72,7,zaa*',zaa*,zaa*,1
73,7,&d([aeiou][aeiou])z',&d([aeiou][aeiou])z,&d([aeiou][aeiou])z,1
74,7,tri(a|b|c|d|e|f)3',tri(a|b|c|d|e|f)3,tri(a|b|c|d|e|f)3,0.3333333333
75,7,t[:;]+p',t[:;]+p,t[:;]+p,1
76,7,tuv[A-Za-z0-9_]',tuv[A-Za-z0-9_],tuv[A-Za-z0-9_],1
77,7,[\D]',[\D],[\D],0.6
78,7,([\0175\0173])',([\0175\0173]),([\0175\0173]),0.4
79,7,t\.\$+\d+\*',t\.\$+\d+\*,t\.\$+\d+\*,0.8
80,8,[{][$](\d+[.]\d)[}]',[{][$](\d+[.]\d)[}],[{][$](\d+[.]\d)[}],1
81,8,no[wxyz]5',no[wxyz]5,no[wxyz]5,1
82,8,([\0175\0173])',([\0175\0173]),([\0175\0173]),0.4
83,8,tuv\w',tuv\w,tuv\w,1
84,8,"xg1([0-9]{1,3})%'","xg1([0-9]{1,3})%","xg1([0-9]{1,3})%",1
85,8,xyz[\0133-\0140]',xyz[\0133-\0140],xyz[\0133-\0140],NA
86,8,fa[lmnop]{3}',fa[lmnop]{3},fa[lmnop]{3},1
87,8,[^0-9A-Za-z]',[^0-9A-Za-z],[^0-9A-Za-z],1
88,8,"((q4f){0,1}ab)'","((q4f){0,1}ab)","((q4f){0,1}ab)",1
89,8,zaa*',zaa*,zaa*,1
90,9,tri[a-f]3',tri[a-f]3,tri[a-f]3,1
91,9,\..*',\..*,\..*,0.6
92,9,(\{|\})',(\{|\}),(\{|\}),0.4
93,9,tuv\w',tuv\w,tuv\w,0.8
94,9,(\d+)\.(\d+)',(\d+)\.(\d+),(\d+)\.(\d+),0.8
95,9,[\D]',[\D],[\D],0.4
96,9,t\.\$+\d+\*',t\.\$+\d+\*,t\.\$+\d+\*,0.8
97,9,t[\x3a-\x3b]+p',t[\x3a-\x3b]+p,t[\x3a-\x3b]+p,0.6
98,9,&d([aeiou]{2})z',&d([aeiou]{2})z,&d([aeiou]{2})z,0.8
99,9,"((q4f){0,1}ab)'","((q4f){0,1}ab)","((q4f){0,1}ab)",0.6
100,10,(deedo(do)?)',(deedo(do)?),(deedo(do)?),0.4
101,10,[\W_]',[\W_],[\W_],0.6
102,10,&(\w+);',&(\w+);,&(\w+);,0.4
103,10,([:;])',([:;]),([:;]),0.4
104,10,tri(a|b|c|d|e|f)3',tri(a|b|c|d|e|f)3,tri(a|b|c|d|e|f)3,0.6
105,10,&d([aeiou][aeiou])z',&d([aeiou][aeiou])z,&d([aeiou][aeiou])z,0.6
106,10,R+',R+,R+,0.6
107,10,[a-f]([0-9]+)[a-f]',[a-f]([0-9]+)[a-f],[a-f]([0-9]+)[a-f],0.75
108,10,([$][{])\d+(:[^}]+[}])',([$][{])\d+(:[^}]+[}]),([$][{])\d+(:[^}]+[}]),0.8
109,10,xyz[\x5b-\x5f]',xyz[\x5b-\x5f],xyz[\x5b-\x5f],0.6
110,11,(\{|\})',(\{|\}),(\{|\}),0.4
111,11,"(dee(do){1,2})'","(dee(do){1,2})","(dee(do){1,2})",1
112,11,[\t\r\f\n ]',[\t\r\f\n ],[\t\r\f\n ],0.6
113,11,t\.\$+\d+\*',t\.\$+\d+\*,t\.\$+\d+\*,1
114,11,za+',za+,za+,1
115,11,tuv[A-Za-z0-9_]',tuv[A-Za-z0-9_],tuv[A-Za-z0-9_],1
116,11,t[:;]+p',t[:;]+p,t[:;]+p,1
117,11,"xg1([0-9]{1,3})%'","xg1([0-9]{1,3})%","xg1([0-9]{1,3})%",0.8
118,11,&d([aeiou]{2})z',&d([aeiou]{2})z,&d([aeiou]{2})z,0.8
119,11,tri[a-f]3',tri[a-f]3,tri[a-f]3,1
120,12,(\{|\})',(\{|\}),(\{|\}),0.4
121,12,[{][$](\d+[.]\d)[}]',[{][$](\d+[.]\d)[}],[{][$](\d+[.]\d)[}],0.8
122,12,no[wxyz]5',no[wxyz]5,no[wxyz]5,1
123,12,%([0-9a-fA-F][0-9a-fA-F])',%([0-9a-fA-F][0-9a-fA-F]),%([0-9a-fA-F][0-9a-fA-F]),0.6
124,12,1q\w\w',1q\w\w,1q\w\w,0.6
125,12,zaa*',zaa*,zaa*,0.6
126,12,[^0-9]',[^0-9],[^0-9],0.4
127,12,[a-f](\d+)[a-f]',[a-f](\d+)[a-f],[a-f](\d+)[a-f],0.8
128,12,xyz[_\[\]`\^\\]',xyz[_\[\]`\^\\],xyz[_\[\]`\^\\],0.6
129,12,"((q4f){0,1}ab)'","((q4f){0,1}ab)","((q4f){0,1}ab)",0.6
130,13,t[.][$]+\d+[*]',t[.][$]+\d+[*],t[.][$]+\d+[*],1
131,13,zaa*',zaa*,zaa*,1
132,13,tri[a-f]3',tri[a-f]3,tri[a-f]3,1
133,13,(\d+)\.(\d+)',(\d+)\.(\d+),(\d+)\.(\d+),1
134,13,(deedo(do)?)',(deedo(do)?),(deedo(do)?),1
135,13,tuv[A-Za-z0-9_]',tuv[A-Za-z0-9_],tuv[A-Za-z0-9_],1
136,13,t[\x3a-\x3b]+p',t[\x3a-\x3b]+p,t[\x3a-\x3b]+p,NA
137,13,&d([aeiou][aeiou])z',&d([aeiou][aeiou])z,&d([aeiou][aeiou])z,1
138,13,(:|;)',(:|;),(:|;),1
139,13,[^0-9]',[^0-9],[^0-9],1
140,14,(:|;)',(:|;),(:|;),1
141,14,"((q4f){0,1}ab)'","((q4f){0,1}ab)","((q4f){0,1}ab)",1
142,14,[^0-9A-Za-z]',[^0-9A-Za-z],[^0-9A-Za-z],1
143,14,(\$\{)\d+(:[^}]+\})',(\$\{)\d+(:[^}]+\}),(\$\{)\d+(:[^}]+\}),1
144,14,\.+',\.+,\.+,1
145,14,tri(a|b|c|d|e|f)3',tri(a|b|c|d|e|f)3,tri(a|b|c|d|e|f)3,1
146,14,&d([aeiou]{2})z',&d([aeiou]{2})z,&d([aeiou]{2})z,1
147,14,t[:;]+p',t[:;]+p,t[:;]+p,1
148,14,[a-f]([0-9]+)[a-f]',[a-f]([0-9]+)[a-f],[a-f]([0-9]+)[a-f],1
149,14,&([A-Za-z0-9_]+);',&([A-Za-z0-9_]+);,&([A-Za-z0-9_]+);,0.6
150,15,(:|;)',(:|;),(:|;),0.8
151,15,%([0-9a-fA-F][0-9a-fA-F])',%([0-9a-fA-F][0-9a-fA-F]),%([0-9a-fA-F][0-9a-fA-F]),0.6
152,15,([$][{])\d+(:[^}]+[}])',([$][{])\d+(:[^}]+[}]),([$][{])\d+(:[^}]+[}]),0.4
153,15,1q\w\w',1q\w\w,1q\w\w,1
154,15,xyz[\x5b-\x5f]',xyz[\x5b-\x5f],xyz[\x5b-\x5f],1
155,15,[a-f](\d+)[a-f]',[a-f](\d+)[a-f],[a-f](\d+)[a-f],0.4
156,15,za+',za+,za+,0.6
157,15,tri[a-f]3',tri[a-f]3,tri[a-f]3,0.6
158,15,((q4f)?ab)',((q4f)?ab),((q4f)?ab),1
159,15,[\t\r\f\n ]',[\t\r\f\n ],[\t\r\f\n ],0.4
160,16,tri[abcdef]3',tri[abcdef]3,tri[abcdef]3,0.8
161,16,xyz[_\[\]`\^\\]',xyz[_\[\]`\^\\],xyz[_\[\]`\^\\],0.3333333333
162,16,%([0-9a-fA-F][0-9a-fA-F])',%([0-9a-fA-F][0-9a-fA-F]),%([0-9a-fA-F][0-9a-fA-F]),0.4
163,16,&([A-Za-z0-9_]+);',&([A-Za-z0-9_]+);,&([A-Za-z0-9_]+);,0.2
164,16,([}{])',([}{]),([}{]),0.2
165,16,"xg1(\d{1,3})%'","xg1(\d{1,3})%","xg1(\d{1,3})%",0.2
166,16,"(dee(do){1,2})'","(dee(do){1,2})","(dee(do){1,2})",0.6
167,16,[\t\r\f\n ]',[\t\r\f\n ],[\t\r\f\n ],0.6
168,16,(\$\{)\d+(:[^}]+\})',(\$\{)\d+(:[^}]+\}),(\$\{)\d+(:[^}]+\}),0.6
169,16,RR*',RR*,RR*,0.6
170,17,([$][{])\d+(:[^}]+[}])',([$][{])\d+(:[^}]+[}]),([$][{])\d+(:[^}]+[}]),0.6
171,17,[a-f](\d+)[a-f]',[a-f](\d+)[a-f],[a-f](\d+)[a-f],1
172,17,(q4fab|ab)',(q4fab|ab),(q4fab|ab),0.8
173,17,[^0-9]',[^0-9],[^0-9],0.25
174,17,&d([aeiou][aeiou])z',&d([aeiou][aeiou])z,&d([aeiou][aeiou])z,0.8
175,17,t[\072-\073]+p',t[\072-\073]+p,t[\072-\073]+p,0.75
176,17,no[wxyz]5',no[wxyz]5,no[wxyz]5,0.8
177,17,\..*',\..*,\..*,0.5
178,17,([\072\073])',([\072\073]),([\072\073]),0.2
179,17,tuv\w',tuv\w,tuv\w,0.4
180,18,(:|;)',(:|;),(:|;),1
181,18,"xg1(\d{1,3})%'","xg1(\d{1,3})%","xg1(\d{1,3})%",1
182,18,tuv[A-Za-z0-9_]',tuv[A-Za-z0-9_],tuv[A-Za-z0-9_],1
183,18,t[\x3a-\x3b]+p',t[\x3a-\x3b]+p,t[\x3a-\x3b]+p,1
184,18,[\t\r\f\n ]',[\t\r\f\n ],[\t\r\f\n ],1
185,18,%([0-9A-Fa-f]{2})',%([0-9A-Fa-f]{2}),%([0-9A-Fa-f]{2}),1
186,18,no[wxyz]5',no[wxyz]5,no[wxyz]5,1
187,18,\..*',\..*,\..*,1
188,18,"(dee(do){1,2})'","(dee(do){1,2})","(dee(do){1,2})",1
189,18,[{][$](\d+[.]\d)[}]',[{][$](\d+[.]\d)[}],[{][$](\d+[.]\d)[}],1
190,19,t[.][$]+\d+[*]',t[.][$]+\d+[*],t[.][$]+\d+[*],1
191,19,[^0-9A-Za-z]',[^0-9A-Za-z],[^0-9A-Za-z],0.4
192,19,((q4f)?ab)',((q4f)?ab),((q4f)?ab),NA
193,19,RR*',RR*,RR*,1
194,19,([\0175\0173])',([\0175\0173]),([\0175\0173]),1
195,19,tri[a-f]3',tri[a-f]3,tri[a-f]3,1
196,19,tuv\w',tuv\w,tuv\w,0.4
197,19,[a-f](\d+)[a-f]',[a-f](\d+)[a-f],[a-f](\d+)[a-f],1
198,19,fa[lmnop]{3}',fa[lmnop]{3},fa[lmnop]{3},1
199,19,t[\072-\073]+p',t[\072-\073]+p,t[\072-\073]+p,1
200,20,za+',za+,za+,1
201,20,xyz[\0133-\0140]',xyz[\0133-\0140],xyz[\0133-\0140],0.8
202,20,1q\w\w',1q\w\w,1q\w\w,0.4
203,20,"((q4f){0,1}ab)'","((q4f){0,1}ab)","((q4f){0,1}ab)",0.25
204,20,tri[a-f]3',tri[a-f]3,tri[a-f]3,0.6
205,20,([}{])',([}{]),([}{]),NA
206,20,&d([aeiou][aeiou])z',&d([aeiou][aeiou])z,&d([aeiou][aeiou])z,1
207,20,[\W_]',[\W_],[\W_],0
208,20,"xg1([0-9]{1,3})%'","xg1([0-9]{1,3})%","xg1([0-9]{1,3})%",0.8
209,20,(\$\{)\d+(:[^}]+\})',(\$\{)\d+(:[^}]+\}),(\$\{)\d+(:[^}]+\}),NA
210,21,[\t\r\f\n ]',[\t\r\f\n ],[\t\r\f\n ],1
211,21,tri[abcdef]3',tri[abcdef]3,tri[abcdef]3,1
212,21,\.+',\.+,\.+,1
213,21,t[\072-\073]+p',t[\072-\073]+p,t[\072-\073]+p,1
214,21,([\072\073])',([\072\073]),([\072\073]),1
215,21,fa[lmnop][lmnop][lmnop]',fa[lmnop][lmnop][lmnop],fa[lmnop][lmnop][lmnop],1
216,21,"xg1([0-9]{1,3})%'","xg1([0-9]{1,3})%","xg1([0-9]{1,3})%",1
217,21,(q4fab|ab)',(q4fab|ab),(q4fab|ab),1
218,21,[{][$](\d+[.]\d)[}]',[{][$](\d+[.]\d)[}],[{][$](\d+[.]\d)[}],1
219,21,tuv\w',tuv\w,tuv\w,1
220,22,([0-9]+)\.([0-9]+)',([0-9]+)\.([0-9]+),([0-9]+)\.([0-9]+),1
221,22,tri[a-f]3',tri[a-f]3,tri[a-f]3,1
222,22,((q4f)?ab)',((q4f)?ab),((q4f)?ab),0.8
223,22,([}{])',([}{]),([}{]),1
224,22,&(\w+);',&(\w+);,&(\w+);,0.8
225,22,t[.][$]+\d+[*]',t[.][$]+\d+[*],t[.][$]+\d+[*],1
226,22,fa[lmnop]{3}',fa[lmnop]{3},fa[lmnop]{3},0.8
227,22,[\s]',[\s],[\s],1
228,22,xyz[_\[\]`\^\\]',xyz[_\[\]`\^\\],xyz[_\[\]`\^\\],1
229,22,zaa*',zaa*,zaa*,1
230,23,t[.][$]+\d+[*]',t[.][$]+\d+[*],t[.][$]+\d+[*],1
231,23,[a-f]([0-9]+)[a-f]',[a-f]([0-9]+)[a-f],[a-f]([0-9]+)[a-f],1
232,23,%([0-9A-Fa-f]{2})',%([0-9A-Fa-f]{2}),%([0-9A-Fa-f]{2}),1
233,23,[\t\r\f\n ]',[\t\r\f\n ],[\t\r\f\n ],1
234,23,([}{])',([}{]),([}{]),1
235,23,(deedo|deedodo)',(deedo|deedodo),(deedo|deedodo),1
236,23,tuv\w',tuv\w,tuv\w,1
237,23,tri[abcdef]3',tri[abcdef]3,tri[abcdef]3,1
238,23,t[\072-\073]+p',t[\072-\073]+p,t[\072-\073]+p,NA
239,23,\.+',\.+,\.+,1
240,24,&d([aeiou]{2})z',&d([aeiou]{2})z,&d([aeiou]{2})z,1
241,24,[\s]',[\s],[\s],0.8
242,24,[a-f]([0-9]+)[a-f]',[a-f]([0-9]+)[a-f],[a-f]([0-9]+)[a-f],1
243,24,(\$\{)\d+(:[^}]+\})',(\$\{)\d+(:[^}]+\}),(\$\{)\d+(:[^}]+\}),1
244,24,no[wxyz]5',no[wxyz]5,no[wxyz]5,1
245,24,\..*',\..*,\..*,1
246,24,tuv\w',tuv\w,tuv\w,1
247,24,([\072\073])',([\072\073]),([\072\073]),1
248,24,((q4f)?ab)',((q4f)?ab),((q4f)?ab),1
249,24,xyz[\x5b-\x5f]',xyz[\x5b-\x5f],xyz[\x5b-\x5f],1
250,25,RR*',RR*,RR*,1
251,25,&(\w+);',&(\w+);,&(\w+);,0.8
252,25,"xg1(\d{1,3})%'","xg1(\d{1,3})%","xg1(\d{1,3})%",1
253,25,%([0-9A-Fa-f]{2})',%([0-9A-Fa-f]{2}),%([0-9A-Fa-f]{2}),0.6
254,25,([\072\073])',([\072\073]),([\072\073]),0.5
255,25,xyz[\0133-\0140]',xyz[\0133-\0140],xyz[\0133-\0140],1
256,25,no[w-z]5',no[w-z]5,no[w-z]5,1
257,25,[\D]',[\D],[\D],1
258,25,(deedo(do)?)',(deedo(do)?),(deedo(do)?),0.6
259,25,t\.\$+\d+\*',t\.\$+\d+\*,t\.\$+\d+\*,1
260,26,(\$\{)\d+(:[^}]+\})',(\$\{)\d+(:[^}]+\}),(\$\{)\d+(:[^}]+\}),0.6
261,26,(deedo|deedodo)',(deedo|deedodo),(deedo|deedodo),0.4
262,26,R+',R+,R+,0.6
263,26,%([0-9a-fA-F][0-9a-fA-F])',%([0-9a-fA-F][0-9a-fA-F]),%([0-9a-fA-F][0-9a-fA-F]),0.6
264,26,tri[abcdef]3',tri[abcdef]3,tri[abcdef]3,0.8
265,26,(\{|\})',(\{|\}),(\{|\}),0.4
266,26,([0-9]+)\.([0-9]+)',([0-9]+)\.([0-9]+),([0-9]+)\.([0-9]+),1
267,26,t[:;]+p',t[:;]+p,t[:;]+p,1
268,26,&(\w+);',&(\w+);,&(\w+);,0.8
269,26,[\s]',[\s],[\s],1
270,27,no[w-z]5',no[w-z]5,no[w-z]5,1
271,27,t[\072-\073]+p',t[\072-\073]+p,t[\072-\073]+p,1
272,27,(deedo(do)?)',(deedo(do)?),(deedo(do)?),0.4
273,27,1q\w\w',1q\w\w,1q\w\w,1
274,27,t\.\$+\d+\*',t\.\$+\d+\*,t\.\$+\d+\*,1
275,27,%([0-9A-Fa-f]{2})',%([0-9A-Fa-f]{2}),%([0-9A-Fa-f]{2}),1
276,27,[\W_]',[\W_],[\W_],1
277,27,([0-9]+)\.([0-9]+)',([0-9]+)\.([0-9]+),([0-9]+)\.([0-9]+),1
278,27,\.+',\.+,\.+,0.8
279,27,([:;])',([:;]),([:;]),1
280,28,[\t\r\f\n ]',[\t\r\f\n ],[\t\r\f\n ],1
281,28,R+',R+,R+,1
282,28,1q\w\w',1q\w\w,1q\w\w,0.75
283,28,([\0175\0173])',([\0175\0173]),([\0175\0173]),NA
284,28,tri[abcdef]3',tri[abcdef]3,tri[abcdef]3,1
285,28,([$][{])\d+(:[^}]+[}])',([$][{])\d+(:[^}]+[}]),([$][{])\d+(:[^}]+[}]),NA
286,28,"xg1([0-9]{1,3})%'","xg1([0-9]{1,3})%","xg1([0-9]{1,3})%",1
287,28,fa[lmnop][lmnop][lmnop]',fa[lmnop][lmnop][lmnop],fa[lmnop][lmnop][lmnop],1
288,28,(deedo|deedodo)',(deedo|deedodo),(deedo|deedodo),1
289,28,xyz[\x5b-\x5f]',xyz[\x5b-\x5f],xyz[\x5b-\x5f],1
290,29,([$][{])\d+(:[^}]+[}])',([$][{])\d+(:[^}]+[}]),([$][{])\d+(:[^}]+[}]),0.6
291,29,no(w|x|y|z)5',no(w|x|y|z)5,no(w|x|y|z)5,0.8
292,29,([\072\073])',([\072\073]),([\072\073]),0.4
293,29,t[\x3a-\x3b]+p',t[\x3a-\x3b]+p,t[\x3a-\x3b]+p,1
294,29,[a-f]([0-9]+)[a-f]',[a-f]([0-9]+)[a-f],[a-f]([0-9]+)[a-f],0.8
295,29,1q\w\w',1q\w\w,1q\w\w,0.8
296,29,fa[lmnop][lmnop][lmnop]',fa[lmnop][lmnop][lmnop],fa[lmnop][lmnop][lmnop],1
297,29,\.+',\.+,\.+,0.8
298,29,[^0-9]',[^0-9],[^0-9],1
299,29,(deedo(do)?)',(deedo(do)?),(deedo(do)?),0.6
300,30,&d([aeiou]{2})z',&d([aeiou]{2})z,&d([aeiou]{2})z,0.25
301,30,tri(a|b|c|d|e|f)3',tri(a|b|c|d|e|f)3,tri(a|b|c|d|e|f)3,0.75
302,30,(\d+)\.(\d+)',(\d+)\.(\d+),(\d+)\.(\d+),0.6
303,30,zaa*',zaa*,zaa*,0.8
304,30,t[:;]+p',t[:;]+p,t[:;]+p,1
305,30,[\W_]',[\W_],[\W_],0.5
306,30,([\0175\0173])',([\0175\0173]),([\0175\0173]),0.5
307,30,(q4fab|ab)',(q4fab|ab),(q4fab|ab),0.25
308,30,[{][$](\d+[.]\d)[}]',[{][$](\d+[.]\d)[}],[{][$](\d+[.]\d)[}],0.75
309,30,tuv\w',tuv\w,tuv\w,0.8
310,31,tuv\w',tuv\w,tuv\w,1
311,31,\.+',\.+,\.+,1
312,31,xyz[_\[\]`\^\\]',xyz[_\[\]`\^\\],xyz[_\[\]`\^\\],1
313,31,[a-f](\d+)[a-f]',[a-f](\d+)[a-f],[a-f](\d+)[a-f],1
314,31,((q4f)?ab)',((q4f)?ab),((q4f)?ab),0.6
315,31,no[w-z]5',no[w-z]5,no[w-z]5,0.8
316,31,[^0-9A-Za-z]',[^0-9A-Za-z],[^0-9A-Za-z],0
317,31,&d([aeiou]{2})z',&d([aeiou]{2})z,&d([aeiou]{2})z,1
318,31,(:|;)',(:|;),(:|;),1
319,31,t[.][$]+\d+[*]',t[.][$]+\d+[*],t[.][$]+\d+[*],1
320,32,[\W_]',[\W_],[\W_],0.8
321,32,tri(a|b|c|d|e|f)3',tri(a|b|c|d|e|f)3,tri(a|b|c|d|e|f)3,0.75
322,32,tuv[A-Za-z0-9_]',tuv[A-Za-z0-9_],tuv[A-Za-z0-9_],0.75
323,32,(:|;)',(:|;),(:|;),1
324,32,"(dee(do){1,2})'","(dee(do){1,2})","(dee(do){1,2})",0.6
325,32,xyz[_\[\]`\^\\]',xyz[_\[\]`\^\\],xyz[_\[\]`\^\\],0.6
326,32,t\.\$+\d+\*',t\.\$+\d+\*,t\.\$+\d+\*,0.6
327,32,fa[lmnop]{3}',fa[lmnop]{3},fa[lmnop]{3},0
328,32,[a-f](\d+)[a-f]',[a-f](\d+)[a-f],[a-f](\d+)[a-f],0.4
329,32,za+',za+,za+,0.6
330,33,"xg1(\d{1,3})%'","xg1(\d{1,3})%","xg1(\d{1,3})%",1
331,33,"(dee(do){1,2})'","(dee(do){1,2})","(dee(do){1,2})",1
332,33,t[\072-\073]+p',t[\072-\073]+p,t[\072-\073]+p,1
333,33,[\D]',[\D],[\D],1
334,33,\..*',\..*,\..*,1
335,33,([$][{])\d+(:[^}]+[}])',([$][{])\d+(:[^}]+[}]),([$][{])\d+(:[^}]+[}]),1
336,33,([}{])',([}{]),([}{]),1
337,33,&d([aeiou][aeiou])z',&d([aeiou][aeiou])z,&d([aeiou][aeiou])z,1
338,33,1q[A-Za-z0-9_][A-Za-z0-9_]',1q[A-Za-z0-9_][A-Za-z0-9_],1q[A-Za-z0-9_][A-Za-z0-9_],0.8
339,33,tri(a|b|c|d|e|f)3',tri(a|b|c|d|e|f)3,tri(a|b|c|d|e|f)3,1
340,34,(\d+)\.(\d+)',(\d+)\.(\d+),(\d+)\.(\d+),1
341,34,&(\w+);',&(\w+);,&(\w+);,0.8
342,34,no(w|x|y|z)5',no(w|x|y|z)5,no(w|x|y|z)5,1
343,34,t[:;]+p',t[:;]+p,t[:;]+p,1
344,34,[{][$](\d+[.]\d)[}]',[{][$](\d+[.]\d)[}],[{][$](\d+[.]\d)[}],1
345,34,zaa*',zaa*,zaa*,0.6
346,34,"((q4f){0,1}ab)'","((q4f){0,1}ab)","((q4f){0,1}ab)",0.6
347,34,([}{])',([}{]),([}{]),0.25
348,34,%([0-9a-fA-F][0-9a-fA-F])',%([0-9a-fA-F][0-9a-fA-F]),%([0-9a-fA-F][0-9a-fA-F]),0.3333333333
349,34,[\t\r\f\n ]',[\t\r\f\n ],[\t\r\f\n ],0.6
350,35,[{][$](\d+[.]\d)[}]',[{][$](\d+[.]\d)[}],[{][$](\d+[.]\d)[}],1
351,35,(\{|\})',(\{|\}),(\{|\}),0.4
352,35,[a-f](\d+)[a-f]',[a-f](\d+)[a-f],[a-f](\d+)[a-f],0.8
353,35,[^0-9]',[^0-9],[^0-9],0.6
354,35,"(dee(do){1,2})'","(dee(do){1,2})","(dee(do){1,2})",0.4
355,35,\.+',\.+,\.+,0.8
356,35,xyz[_\[\]`\^\\]',xyz[_\[\]`\^\\],xyz[_\[\]`\^\\],0.6
357,35,no[w-z]5',no[w-z]5,no[w-z]5,1
358,35,%([0-9a-fA-F][0-9a-fA-F])',%([0-9a-fA-F][0-9a-fA-F]),%([0-9a-fA-F][0-9a-fA-F]),0.6
359,35,&(\w+);',&(\w+);,&(\w+);,0.8
360,36,([$][{])\d+(:[^}]+[}])',([$][{])\d+(:[^}]+[}]),([$][{])\d+(:[^}]+[}]),0.6
361,36,tri[a-f]3',tri[a-f]3,tri[a-f]3,1
362,36,R+',R+,R+,1
363,36,&([A-Za-z0-9_]+);',&([A-Za-z0-9_]+);,&([A-Za-z0-9_]+);,0.6
364,36,t[\x3a-\x3b]+p',t[\x3a-\x3b]+p,t[\x3a-\x3b]+p,NA
365,36,&d([aeiou]{2})z',&d([aeiou]{2})z,&d([aeiou]{2})z,0.8
366,36,[\W_]',[\W_],[\W_],0
367,36,(deedo(do)?)',(deedo(do)?),(deedo(do)?),0.6
368,36,(\{|\})',(\{|\}),(\{|\}),0.4
369,36,"xg1([0-9]{1,3})%'","xg1([0-9]{1,3})%","xg1([0-9]{1,3})%",0.8
370,37,&d([aeiou]{2})z',&d([aeiou]{2})z,&d([aeiou]{2})z,1
371,37,xyz[\x5b-\x5f]',xyz[\x5b-\x5f],xyz[\x5b-\x5f],1
372,37,(:|;)',(:|;),(:|;),1
373,37,(deedo|deedodo)',(deedo|deedodo),(deedo|deedodo),1
374,37,[^0-9A-Za-z]',[^0-9A-Za-z],[^0-9A-Za-z],1
375,37,[a-f]([0-9]+)[a-f]',[a-f]([0-9]+)[a-f],[a-f]([0-9]+)[a-f],1
376,37,t\.\$+\d+\*',t\.\$+\d+\*,t\.\$+\d+\*,1
377,37,tri[abcdef]3',tri[abcdef]3,tri[abcdef]3,1
378,37,\.+',\.+,\.+,0.8
379,37,tuv\w',tuv\w,tuv\w,1
380,38,(deedo|deedodo)',(deedo|deedodo),(deedo|deedodo),1
381,38,%([0-9a-fA-F][0-9a-fA-F])',%([0-9a-fA-F][0-9a-fA-F]),%([0-9a-fA-F][0-9a-fA-F]),1
382,38,&([A-Za-z0-9_]+);',&([A-Za-z0-9_]+);,&([A-Za-z0-9_]+);,1
383,38,[^0-9A-Za-z]',[^0-9A-Za-z],[^0-9A-Za-z],1
384,38,"xg1(\d{1,3})%'","xg1(\d{1,3})%","xg1(\d{1,3})%",1
385,38,\..*',\..*,\..*,1
386,38,xyz[\0133-\0140]',xyz[\0133-\0140],xyz[\0133-\0140],1
387,38,([\0175\0173])',([\0175\0173]),([\0175\0173]),1
388,38,[{][$](\d+[.]\d)[}]',[{][$](\d+[.]\d)[}],[{][$](\d+[.]\d)[}],0.8
389,38,no(w|x|y|z)5',no(w|x|y|z)5,no(w|x|y|z)5,1
390,39,RR*',RR*,RR*,1
391,39,&(\w+);',&(\w+);,&(\w+);,1
392,39,t\.\$+\d+\*',t\.\$+\d+\*,t\.\$+\d+\*,1
393,39,t[:;]+p',t[:;]+p,t[:;]+p,1
394,39,"((q4f){0,1}ab)'","((q4f){0,1}ab)","((q4f){0,1}ab)",0.8
395,39,[\W_]',[\W_],[\W_],1
396,39,%([0-9A-Fa-f]{2})',%([0-9A-Fa-f]{2}),%([0-9A-Fa-f]{2}),1
397,39,[a-f](\d+)[a-f]',[a-f](\d+)[a-f],[a-f](\d+)[a-f],1
398,39,tri(a|b|c|d|e|f)3',tri(a|b|c|d|e|f)3,tri(a|b|c|d|e|f)3,1
399,39,([\0175\0173])',([\0175\0173]),([\0175\0173]),0.4
400,40,&d([aeiou]{2})z',&d([aeiou]{2})z,&d([aeiou]{2})z,0.8
401,40,\{\$(\d+\.\d)\}',\{\$(\d+\.\d)\},\{\$(\d+\.\d)\},0.8
402,40,"xg1(\d{1,3})%'","xg1(\d{1,3})%","xg1(\d{1,3})%",0.6
403,40,([\0175\0173])',([\0175\0173]),([\0175\0173]),0.4
404,40,[^0-9]',[^0-9],[^0-9],0
405,40,no[w-z]5',no[w-z]5,no[w-z]5,0.8
406,40,\.+',\.+,\.+,0.8
407,40,1q\w\w',1q\w\w,1q\w\w,0.3333333333
408,40,t[\072-\073]+p',t[\072-\073]+p,t[\072-\073]+p,1
409,40,(deedo(do)?)',(deedo(do)?),(deedo(do)?),1
410,41,xyz[\x5b-\x5f]',xyz[\x5b-\x5f],xyz[\x5b-\x5f],1
411,41,([0-9]+)\.([0-9]+)',([0-9]+)\.([0-9]+),([0-9]+)\.([0-9]+),0.5
412,41,za+',za+,za+,0.6
413,41,tri[abcdef]3',tri[abcdef]3,tri[abcdef]3,1
414,41,&d([aeiou][aeiou])z',&d([aeiou][aeiou])z,&d([aeiou][aeiou])z,0.25
415,41,&([A-Za-z0-9_]+);',&([A-Za-z0-9_]+);,&([A-Za-z0-9_]+);,0.5
416,41,\{\$(\d+\.\d)\}',\{\$(\d+\.\d)\},\{\$(\d+\.\d)\},0.25
417,41,([\072\073])',([\072\073]),([\072\073]),0.25
418,41,((q4f)?ab)',((q4f)?ab),((q4f)?ab),0.5
419,41,[\t\r\f\n ]',[\t\r\f\n ],[\t\r\f\n ],0.6666666667
420,42,xyz[\0133-\0140]',xyz[\0133-\0140],xyz[\0133-\0140],0.6
421,42,"((q4f){0,1}ab)'","((q4f){0,1}ab)","((q4f){0,1}ab)",0.6
422,42,tuv[A-Za-z0-9_]',tuv[A-Za-z0-9_],tuv[A-Za-z0-9_],1
423,42,"xg1([0-9]{1,3})%'","xg1([0-9]{1,3})%","xg1([0-9]{1,3})%",1
424,42,fa[lmnop]{3}',fa[lmnop]{3},fa[lmnop]{3},1
425,42,[^0-9A-Za-z]',[^0-9A-Za-z],[^0-9A-Za-z],1
426,42,[{][$](\d+[.]\d)[}]',[{][$](\d+[.]\d)[}],[{][$](\d+[.]\d)[}],1
427,42,za+',za+,za+,1
428,42,tri(a|b|c|d|e|f)3',tri(a|b|c|d|e|f)3,tri(a|b|c|d|e|f)3,1
429,42,(:|;)',(:|;),(:|;),1
430,43,t[\072-\073]+p',t[\072-\073]+p,t[\072-\073]+p,1
431,43,(deedo|deedodo)',(deedo|deedodo),(deedo|deedodo),1
432,43,t[.][$]+\d+[*]',t[.][$]+\d+[*],t[.][$]+\d+[*],1
433,43,fa[lmnop]{3}',fa[lmnop]{3},fa[lmnop]{3},1
434,43,zaa*',zaa*,zaa*,1
435,43,no(w|x|y|z)5',no(w|x|y|z)5,no(w|x|y|z)5,1
436,43,&(\w+);',&(\w+);,&(\w+);,0.6
437,43,[a-f](\d+)[a-f]',[a-f](\d+)[a-f],[a-f](\d+)[a-f],1
438,43,([}{])',([}{]),([}{]),0.8
439,43,[\D]',[\D],[\D],0.4
440,44,"(dee(do){1,2})'","(dee(do){1,2})","(dee(do){1,2})",0.4
441,44,%([0-9A-Fa-f]{2})',%([0-9A-Fa-f]{2}),%([0-9A-Fa-f]{2}),0.4
442,44,1q[A-Za-z0-9_][A-Za-z0-9_]',1q[A-Za-z0-9_][A-Za-z0-9_],1q[A-Za-z0-9_][A-Za-z0-9_],0.6
443,44,[a-f]([0-9]+)[a-f]',[a-f]([0-9]+)[a-f],[a-f]([0-9]+)[a-f],0.8
444,44,xyz[_\[\]`\^\\]',xyz[_\[\]`\^\\],xyz[_\[\]`\^\\],0.5
445,44,R+',R+,R+,1
446,44,[\t\r\f\n ]',[\t\r\f\n ],[\t\r\f\n ],0.6
447,44,([$][{])\d+(:[^}]+[}])',([$][{])\d+(:[^}]+[}]),([$][{])\d+(:[^}]+[}]),0.5
448,44,no[wxyz]5',no[wxyz]5,no[wxyz]5,1
449,44,(\{|\})',(\{|\}),(\{|\}),0.25
450,45,[a-f](\d+)[a-f]',[a-f](\d+)[a-f],[a-f](\d+)[a-f],0.8
451,45,\.+',\.+,\.+,0.8
452,45,tri(a|b|c|d|e|f)3',tri(a|b|c|d|e|f)3,tri(a|b|c|d|e|f)3,1
453,45,xyz[\0133-\0140]',xyz[\0133-\0140],xyz[\0133-\0140],0.6
454,45,tuv[A-Za-z0-9_]',tuv[A-Za-z0-9_],tuv[A-Za-z0-9_],0.8
455,45,t[.][$]+\d+[*]',t[.][$]+\d+[*],t[.][$]+\d+[*],0.8
456,45,&d([aeiou]{2})z',&d([aeiou]{2})z,&d([aeiou]{2})z,1
457,45,(deedo(do)?)',(deedo(do)?),(deedo(do)?),0.6
458,45,[^0-9A-Za-z]',[^0-9A-Za-z],[^0-9A-Za-z],1
459,45,([:;])',([:;]),([:;]),1
460,46,%([0-9a-fA-F][0-9a-fA-F])',%([0-9a-fA-F][0-9a-fA-F]),%([0-9a-fA-F][0-9a-fA-F]),0.6
461,46,([0-9]+)\.([0-9]+)',([0-9]+)\.([0-9]+),([0-9]+)\.([0-9]+),1
462,46,xyz[\0133-\0140]',xyz[\0133-\0140],xyz[\0133-\0140],1
463,46,(q4fab|ab)',(q4fab|ab),(q4fab|ab),1
464,46,&([A-Za-z0-9_]+);',&([A-Za-z0-9_]+);,&([A-Za-z0-9_]+);,1
465,46,\{\$(\d+\.\d)\}',\{\$(\d+\.\d)\},\{\$(\d+\.\d)\},1
466,46,([:;])',([:;]),([:;]),1
467,46,[\W_]',[\W_],[\W_],0.4
468,46,no[w-z]5',no[w-z]5,no[w-z]5,0.8
469,46,za+',za+,za+,1
470,47,za+',za+,za+,1
471,47,"(dee(do){1,2})'","(dee(do){1,2})","(dee(do){1,2})",0.8
472,47,([\072\073])',([\072\073]),([\072\073]),1
473,47,t[\x3a-\x3b]+p',t[\x3a-\x3b]+p,t[\x3a-\x3b]+p,1
474,47,tri[a-f]3',tri[a-f]3,tri[a-f]3,1
475,47,([$][{])\d+(:[^}]+[}])',([$][{])\d+(:[^}]+[}]),([$][{])\d+(:[^}]+[}]),0.6
476,47,[\t\r\f\n ]',[\t\r\f\n ],[\t\r\f\n ],1
477,47,&([A-Za-z0-9_]+);',&([A-Za-z0-9_]+);,&([A-Za-z0-9_]+);,1
478,47,"xg1(\d{1,3})%'","xg1(\d{1,3})%","xg1(\d{1,3})%",1
479,47,fa[lmnop]{3}',fa[lmnop]{3},fa[lmnop]{3},1
480,48,"xg1([0-9]{1,3})%'","xg1([0-9]{1,3})%","xg1([0-9]{1,3})%",0.4
481,48,(\$\{)\d+(:[^}]+\})',(\$\{)\d+(:[^}]+\}),(\$\{)\d+(:[^}]+\}),0.6
482,48,tuv[A-Za-z0-9_]',tuv[A-Za-z0-9_],tuv[A-Za-z0-9_],0.8
483,48,xyz[\x5b-\x5f]',xyz[\x5b-\x5f],xyz[\x5b-\x5f],0.6
484,48,&d([aeiou]{2})z',&d([aeiou]{2})z,&d([aeiou]{2})z,1
485,48,"((q4f){0,1}ab)'","((q4f){0,1}ab)","((q4f){0,1}ab)",NA
486,48,[\W_]',[\W_],[\W_],0.6
487,48,R+',R+,R+,1
488,48,(:|;)',(:|;),(:|;),0.4
489,48,tri[abcdef]3',tri[abcdef]3,tri[abcdef]3,1
490,49,t\.\$+\d+\*',t\.\$+\d+\*,t\.\$+\d+\*,1
491,49,&([A-Za-z0-9_]+);',&([A-Za-z0-9_]+);,&([A-Za-z0-9_]+);,1
492,49,[\D]',[\D],[\D],0.4
493,49,\.+',\.+,\.+,1
494,49,t[\072-\073]+p',t[\072-\073]+p,t[\072-\073]+p,0.8
495,49,no(w|x|y|z)5',no(w|x|y|z)5,no(w|x|y|z)5,1
496,49,[a-f]([0-9]+)[a-f]',[a-f]([0-9]+)[a-f],[a-f]([0-9]+)[a-f],1
497,49,%([0-9A-Fa-f]{2})',%([0-9A-Fa-f]{2}),%([0-9A-Fa-f]{2}),1
498,49,([:;])',([:;]),([:;]),1
499,49,"(dee(do){1,2})'","(dee(do){1,2})","(dee(do){1,2})",1
500,50,(deedo(do)?)',(deedo(do)?),(deedo(do)?),1
501,50,(\{|\})',(\{|\}),(\{|\}),1
502,50,([$][{])\d+(:[^}]+[}])',([$][{])\d+(:[^}]+[}]),([$][{])\d+(:[^}]+[}]),1
503,50,zaa*',zaa*,zaa*,1
504,50,t[:;]+p',t[:;]+p,t[:;]+p,0.8
505,50,[\t\r\f\n ]',[\t\r\f\n ],[\t\r\f\n ],1
506,50,tri(a|b|c|d|e|f)3',tri(a|b|c|d|e|f)3,tri(a|b|c|d|e|f)3,0.8
507,50,&([A-Za-z0-9_]+);',&([A-Za-z0-9_]+);,&([A-Za-z0-9_]+);,1
508,50,"xg1([0-9]{1,3})%'","xg1([0-9]{1,3})%","xg1([0-9]{1,3})%",1
509,50,&d([aeiou]{2})z',&d([aeiou]{2})z,&d([aeiou]{2})z,1
510,51,t\.\$+\d+\*',t\.\$+\d+\*,t\.\$+\d+\*,1
511,51,&(\w+);',&(\w+);,&(\w+);,0.8
512,51,tri[abcdef]3',tri[abcdef]3,tri[abcdef]3,1
513,51,t[:;]+p',t[:;]+p,t[:;]+p,1
514,51,"(dee(do){1,2})'","(dee(do){1,2})","(dee(do){1,2})",0.8
515,51,zaa*',zaa*,zaa*,1
516,51,([}{])',([}{]),([}{]),1
517,51,[\s]',[\s],[\s],1
518,51,fa[lmnop][lmnop][lmnop]',fa[lmnop][lmnop][lmnop],fa[lmnop][lmnop][lmnop],1
519,51,[a-f](\d+)[a-f]',[a-f](\d+)[a-f],[a-f](\d+)[a-f],1
520,52,t[\072-\073]+p',t[\072-\073]+p,t[\072-\073]+p,1
521,52,[\D]',[\D],[\D],0.4
522,52,za+',za+,za+,1
523,52,%([0-9a-fA-F][0-9a-fA-F])',%([0-9a-fA-F][0-9a-fA-F]),%([0-9a-fA-F][0-9a-fA-F]),0.4
524,52,([$][{])\d+(:[^}]+[}])',([$][{])\d+(:[^}]+[}]),([$][{])\d+(:[^}]+[}]),0.8
525,52,((q4f)?ab)',((q4f)?ab),((q4f)?ab),0.6
526,52,[a-f]([0-9]+)[a-f]',[a-f]([0-9]+)[a-f],[a-f]([0-9]+)[a-f],1
527,52,no[w-z]5',no[w-z]5,no[w-z]5,1
528,52,(\{|\})',(\{|\}),(\{|\}),1
529,52,tuv[A-Za-z0-9_]',tuv[A-Za-z0-9_],tuv[A-Za-z0-9_],1
530,53,\{\$(\d+\.\d)\}',\{\$(\d+\.\d)\},\{\$(\d+\.\d)\},1
531,53,\..*',\..*,\..*,0.8
532,53,"xg1(\d{1,3})%'","xg1(\d{1,3})%","xg1(\d{1,3})%",1
533,53,"((q4f){0,1}ab)'","((q4f){0,1}ab)","((q4f){0,1}ab)",1
534,53,no[w-z]5',no[w-z]5,no[w-z]5,1
535,53,[\D]',[\D],[\D],1
536,53,(:|;)',(:|;),(:|;),1
537,53,t[\072-\073]+p',t[\072-\073]+p,t[\072-\073]+p,1
538,53,1q[A-Za-z0-9_][A-Za-z0-9_]',1q[A-Za-z0-9_][A-Za-z0-9_],1q[A-Za-z0-9_][A-Za-z0-9_],1
539,53,&d([aeiou][aeiou])z',&d([aeiou][aeiou])z,&d([aeiou][aeiou])z,1
540,54,([$][{])\d+(:[^}]+[}])',([$][{])\d+(:[^}]+[}]),([$][{])\d+(:[^}]+[}]),1
541,54,(deedo(do)?)',(deedo(do)?),(deedo(do)?),1
542,54,RR*',RR*,RR*,1
543,54,tri[a-f]3',tri[a-f]3,tri[a-f]3,1
544,54,"xg1(\d{1,3})%'","xg1(\d{1,3})%","xg1(\d{1,3})%",1
545,54,([}{])',([}{]),([}{]),0.8
546,54,tuv\w',tuv\w,tuv\w,1
547,54,fa[lmnop]{3}',fa[lmnop]{3},fa[lmnop]{3},1
548,54,[^0-9A-Za-z]',[^0-9A-Za-z],[^0-9A-Za-z],1
549,54,t[\072-\073]+p',t[\072-\073]+p,t[\072-\073]+p,1
550,55,(deedo|deedodo)',(deedo|deedodo),(deedo|deedodo),0.4
551,55,&d([aeiou]{2})z',&d([aeiou]{2})z,&d([aeiou]{2})z,1
552,55,([\072\073])',([\072\073]),([\072\073]),0.25
553,55,([$][{])\d+(:[^}]+[}])',([$][{])\d+(:[^}]+[}]),([$][{])\d+(:[^}]+[}]),1
554,55,zaa*',zaa*,zaa*,0.6
555,55,tri[abcdef]3',tri[abcdef]3,tri[abcdef]3,1
556,55,&(\w+);',&(\w+);,&(\w+);,0.8
557,55,xyz[\0133-\0140]',xyz[\0133-\0140],xyz[\0133-\0140],1
558,55,[^0-9A-Za-z]',[^0-9A-Za-z],[^0-9A-Za-z],0.75
559,55,[a-f]([0-9]+)[a-f]',[a-f]([0-9]+)[a-f],[a-f]([0-9]+)[a-f],0.8
560,56,%([0-9a-fA-F][0-9a-fA-F])',%([0-9a-fA-F][0-9a-fA-F]),%([0-9a-fA-F][0-9a-fA-F]),0.5
561,56,no(w|x|y|z)5',no(w|x|y|z)5,no(w|x|y|z)5,1
562,56,t[\x3a-\x3b]+p',t[\x3a-\x3b]+p,t[\x3a-\x3b]+p,0.5
563,56,(q4fab|ab)',(q4fab|ab),(q4fab|ab),0.8
564,56,t\.\$+\d+\*',t\.\$+\d+\*,t\.\$+\d+\*,0.5
565,56,RR*',RR*,RR*,0.6
566,56,[^0-9A-Za-z]',[^0-9A-Za-z],[^0-9A-Za-z],0.6
567,56,tuv[A-Za-z0-9_]',tuv[A-Za-z0-9_],tuv[A-Za-z0-9_],0.8
568,56,(\d+)\.(\d+)',(\d+)\.(\d+),(\d+)\.(\d+),0.8
569,56,(\{|\})',(\{|\}),(\{|\}),0
570,57,(\d+)\.(\d+)',(\d+)\.(\d+),(\d+)\.(\d+),1
571,57,[\s]',[\s],[\s],1
572,57,([$][{])\d+(:[^}]+[}])',([$][{])\d+(:[^}]+[}]),([$][{])\d+(:[^}]+[}]),0.6
573,57,tri(a|b|c|d|e|f)3',tri(a|b|c|d|e|f)3,tri(a|b|c|d|e|f)3,1
574,57,(deedo(do)?)',(deedo(do)?),(deedo(do)?),0.6
575,57,&([A-Za-z0-9_]+);',&([A-Za-z0-9_]+);,&([A-Za-z0-9_]+);,1
576,57,za+',za+,za+,1
577,57,([:;])',([:;]),([:;]),1
578,57,t[\x3a-\x3b]+p',t[\x3a-\x3b]+p,t[\x3a-\x3b]+p,1
579,57,&d([aeiou][aeiou])z',&d([aeiou][aeiou])z,&d([aeiou][aeiou])z,1
580,58,(\{|\})',(\{|\}),(\{|\}),0.8
581,58,xyz[\0133-\0140]',xyz[\0133-\0140],xyz[\0133-\0140],0.5
582,58,[\D]',[\D],[\D],1
583,58,(q4fab|ab)',(q4fab|ab),(q4fab|ab),0.75
584,58,%([0-9a-fA-F][0-9a-fA-F])',%([0-9a-fA-F][0-9a-fA-F]),%([0-9a-fA-F][0-9a-fA-F]),0.4
585,58,R+',R+,R+,1
586,58,t\.\$+\d+\*',t\.\$+\d+\*,t\.\$+\d+\*,0.8
587,58,1q[A-Za-z0-9_][A-Za-z0-9_]',1q[A-Za-z0-9_][A-Za-z0-9_],1q[A-Za-z0-9_][A-Za-z0-9_],0.6
588,58,no[wxyz]5',no[wxyz]5,no[wxyz]5,1
589,58,(\d+)\.(\d+)',(\d+)\.(\d+),(\d+)\.(\d+),1
590,59,&d([aeiou][aeiou])z',&d([aeiou][aeiou])z,&d([aeiou][aeiou])z,1
591,59,([}{])',([}{]),([}{]),1
592,59,[\t\r\f\n ]',[\t\r\f\n ],[\t\r\f\n ],1
593,59,tri(a|b|c|d|e|f)3',tri(a|b|c|d|e|f)3,tri(a|b|c|d|e|f)3,1
594,59,(deedo|deedodo)',(deedo|deedodo),(deedo|deedodo),1
595,59,([0-9]+)\.([0-9]+)',([0-9]+)\.([0-9]+),([0-9]+)\.([0-9]+),1
596,59,t\.\$+\d+\*',t\.\$+\d+\*,t\.\$+\d+\*,1
597,59,1q\w\w',1q\w\w,1q\w\w,1
598,59,t[:;]+p',t[:;]+p,t[:;]+p,1
599,59,RR*',RR*,RR*,0.6
600,60,&d([aeiou]{2})z',&d([aeiou]{2})z,&d([aeiou]{2})z,1
601,60,[\D]',[\D],[\D],0.4
602,60,\{\$(\d+\.\d)\}',\{\$(\d+\.\d)\},\{\$(\d+\.\d)\},1
603,60,za+',za+,za+,1
604,60,(deedo(do)?)',(deedo(do)?),(deedo(do)?),1
605,60,[a-f](\d+)[a-f]',[a-f](\d+)[a-f],[a-f](\d+)[a-f],1
606,60,([:;])',([:;]),([:;]),1
607,60,no(w|x|y|z)5',no(w|x|y|z)5,no(w|x|y|z)5,1
608,60,tuv[A-Za-z0-9_]',tuv[A-Za-z0-9_],tuv[A-Za-z0-9_],1
609,60,t[\x3a-\x3b]+p',t[\x3a-\x3b]+p,t[\x3a-\x3b]+p,0.8
610,61,((q4f)?ab)',((q4f)?ab),((q4f)?ab),0.6
611,61,&d([aeiou][aeiou])z',&d([aeiou][aeiou])z,&d([aeiou][aeiou])z,1
612,61,tuv[A-Za-z0-9_]',tuv[A-Za-z0-9_],tuv[A-Za-z0-9_],0.8
613,61,([$][{])\d+(:[^}]+[}])',([$][{])\d+(:[^}]+[}]),([$][{])\d+(:[^}]+[}]),0.8
614,61,no[w-z]5',no[w-z]5,no[w-z]5,1
615,61,[a-f]([0-9]+)[a-f]',[a-f]([0-9]+)[a-f],[a-f]([0-9]+)[a-f],0.8
616,61,(:|;)',(:|;),(:|;),0.4
617,61,zaa*',zaa*,zaa*,0.6
618,61,xyz[_\[\]`\^\\]',xyz[_\[\]`\^\\],xyz[_\[\]`\^\\],0.6
619,61,[\W_]',[\W_],[\W_],0.6
620,62,za+',za+,za+,1
621,62,t\.\$+\d+\*',t\.\$+\d+\*,t\.\$+\d+\*,1
622,62,fa[lmnop]{3}',fa[lmnop]{3},fa[lmnop]{3},0.8
623,62,tri(a|b|c|d|e|f)3',tri(a|b|c|d|e|f)3,tri(a|b|c|d|e|f)3,1
624,62,tuv\w',tuv\w,tuv\w,1
625,62,[\D]',[\D],[\D],1
626,62,((q4f)?ab)',((q4f)?ab),((q4f)?ab),1
627,62,(\{|\})',(\{|\}),(\{|\}),0.8
628,62,t[:;]+p',t[:;]+p,t[:;]+p,0.8
629,62,(\d+)\.(\d+)',(\d+)\.(\d+),(\d+)\.(\d+),1
630,63,tri[abcdef]3',tri[abcdef]3,tri[abcdef]3,0.75
631,63,xyz[_\[\]`\^\\]',xyz[_\[\]`\^\\],xyz[_\[\]`\^\\],0.8
632,63,fa[lmnop][lmnop][lmnop]',fa[lmnop][lmnop][lmnop],fa[lmnop][lmnop][lmnop],0.8
633,63,\.+',\.+,\.+,0.8
634,63,"(dee(do){1,2})'","(dee(do){1,2})","(dee(do){1,2})",0.8
635,63,[\t\r\f\n ]',[\t\r\f\n ],[\t\r\f\n ],1
636,63,(\$\{)\d+(:[^}]+\})',(\$\{)\d+(:[^}]+\}),(\$\{)\d+(:[^}]+\}),0.6
637,63,&(\w+);',&(\w+);,&(\w+);,0.8
638,63,(:|;)',(:|;),(:|;),1
639,63,[a-f](\d+)[a-f]',[a-f](\d+)[a-f],[a-f](\d+)[a-f],0.6
640,64,[a-f](\d+)[a-f]',[a-f](\d+)[a-f],[a-f](\d+)[a-f],1
641,64,&(\w+);',&(\w+);,&(\w+);,0.8
642,64,&d([aeiou][aeiou])z',&d([aeiou][aeiou])z,&d([aeiou][aeiou])z,1
643,64,(deedo(do)?)',(deedo(do)?),(deedo(do)?),0.8
644,64,(\$\{)\d+(:[^}]+\})',(\$\{)\d+(:[^}]+\}),(\$\{)\d+(:[^}]+\}),1
645,64,\..*',\..*,\..*,0.6
646,64,xyz[_\[\]`\^\\]',xyz[_\[\]`\^\\],xyz[_\[\]`\^\\],1
647,64,([\0175\0173])',([\0175\0173]),([\0175\0173]),0.4
648,64,tri(a|b|c|d|e|f)3',tri(a|b|c|d|e|f)3,tri(a|b|c|d|e|f)3,1
649,64,[\D]',[\D],[\D],1
650,65,1q[A-Za-z0-9_][A-Za-z0-9_]',1q[A-Za-z0-9_][A-Za-z0-9_],1q[A-Za-z0-9_][A-Za-z0-9_],1
651,65,(:|;)',(:|;),(:|;),1
652,65,([$][{])\d+(:[^}]+[}])',([$][{])\d+(:[^}]+[}]),([$][{])\d+(:[^}]+[}]),0.6
653,65,no[wxyz]5',no[wxyz]5,no[wxyz]5,1
654,65,\..*',\..*,\..*,1
655,65,%([0-9a-fA-F][0-9a-fA-F])',%([0-9a-fA-F][0-9a-fA-F]),%([0-9a-fA-F][0-9a-fA-F]),1
656,65,([0-9]+)\.([0-9]+)',([0-9]+)\.([0-9]+),([0-9]+)\.([0-9]+),1
657,65,[\s]',[\s],[\s],1
658,65,xyz[\0133-\0140]',xyz[\0133-\0140],xyz[\0133-\0140],1
659,65,(q4fab|ab)',(q4fab|ab),(q4fab|ab),1
660,66,1q\w\w',1q\w\w,1q\w\w,1
661,66,(deedo|deedodo)',(deedo|deedodo),(deedo|deedodo),0.8
662,66,no[wxyz]5',no[wxyz]5,no[wxyz]5,0.8
663,66,t[\x3a-\x3b]+p',t[\x3a-\x3b]+p,t[\x3a-\x3b]+p,NA
664,66,"xg1([0-9]{1,3})%'","xg1([0-9]{1,3})%","xg1([0-9]{1,3})%",0.4
665,66,(\$\{)\d+(:[^}]+\})',(\$\{)\d+(:[^}]+\}),(\$\{)\d+(:[^}]+\}),1
666,66,[\D]',[\D],[\D],1
667,66,\.+',\.+,\.+,1
668,66,&d([aeiou][aeiou])z',&d([aeiou][aeiou])z,&d([aeiou][aeiou])z,1
669,66,(\{|\})',(\{|\}),(\{|\}),1
670,67,tuv\w',tuv\w,tuv\w,1
671,67,"(dee(do){1,2})'","(dee(do){1,2})","(dee(do){1,2})",0.8
672,67,tri[a-f]3',tri[a-f]3,tri[a-f]3,1
673,67,[a-f]([0-9]+)[a-f]',[a-f]([0-9]+)[a-f],[a-f]([0-9]+)[a-f],1
674,67,([\072\073])',([\072\073]),([\072\073]),1
675,67,xyz[\x5b-\x5f]',xyz[\x5b-\x5f],xyz[\x5b-\x5f],0.8
676,67,[{][$](\d+[.]\d)[}]',[{][$](\d+[.]\d)[}],[{][$](\d+[.]\d)[}],1
677,67,[\D]',[\D],[\D],1
678,67,RR*',RR*,RR*,1
679,67,fa[lmnop]{3}',fa[lmnop]{3},fa[lmnop]{3},1
680,68,%([0-9A-Fa-f]{2})',%([0-9A-Fa-f]{2}),%([0-9A-Fa-f]{2}),1
681,68,\..*',\..*,\..*,1
682,68,[\W_]',[\W_],[\W_],1
683,68,(\$\{)\d+(:[^}]+\})',(\$\{)\d+(:[^}]+\}),(\$\{)\d+(:[^}]+\}),1
684,68,"(dee(do){1,2})'","(dee(do){1,2})","(dee(do){1,2})",1
685,68,xyz[\x5b-\x5f]',xyz[\x5b-\x5f],xyz[\x5b-\x5f],1
686,68,tri[a-f]3',tri[a-f]3,tri[a-f]3,1
687,68,1q\w\w',1q\w\w,1q\w\w,1
688,68,"xg1([0-9]{1,3})%'","xg1([0-9]{1,3})%","xg1([0-9]{1,3})%",1
689,68,([\072\073])',([\072\073]),([\072\073]),1
690,69,"((q4f){0,1}ab)'","((q4f){0,1}ab)","((q4f){0,1}ab)",1
691,69,%([0-9a-fA-F][0-9a-fA-F])',%([0-9a-fA-F][0-9a-fA-F]),%([0-9a-fA-F][0-9a-fA-F]),1
692,69,za+',za+,za+,1
693,69,([$][{])\d+(:[^}]+[}])',([$][{])\d+(:[^}]+[}]),([$][{])\d+(:[^}]+[}]),1
694,69,&([A-Za-z0-9_]+);',&([A-Za-z0-9_]+);,&([A-Za-z0-9_]+);,1
695,69,"xg1(\d{1,3})%'","xg1(\d{1,3})%","xg1(\d{1,3})%",1
696,69,xyz[\x5b-\x5f]',xyz[\x5b-\x5f],xyz[\x5b-\x5f],0.8
697,69,tri[abcdef]3',tri[abcdef]3,tri[abcdef]3,0.8
698,69,([\0175\0173])',([\0175\0173]),([\0175\0173]),0.4
699,69,[\s]',[\s],[\s],0.8
700,70,tuv[A-Za-z0-9_]',tuv[A-Za-z0-9_],tuv[A-Za-z0-9_],1
701,70,[{][$](\d+[.]\d)[}]',[{][$](\d+[.]\d)[}],[{][$](\d+[.]\d)[}],1
702,70,[\t\r\f\n ]',[\t\r\f\n ],[\t\r\f\n ],1
703,70,t[\x3a-\x3b]+p',t[\x3a-\x3b]+p,t[\x3a-\x3b]+p,0
704,70,(deedo|deedodo)',(deedo|deedodo),(deedo|deedodo),1
705,70,tri(a|b|c|d|e|f)3',tri(a|b|c|d|e|f)3,tri(a|b|c|d|e|f)3,1
706,70,(\{|\})',(\{|\}),(\{|\}),1
707,70,[a-f]([0-9]+)[a-f]',[a-f]([0-9]+)[a-f],[a-f]([0-9]+)[a-f],1
708,70,&d([aeiou][aeiou])z',&d([aeiou][aeiou])z,&d([aeiou][aeiou])z,1
709,70,R+',R+,R+,1
710,71,fa[lmnop][lmnop][lmnop]',fa[lmnop][lmnop][lmnop],fa[lmnop][lmnop][lmnop],1
711,71,[\s]',[\s],[\s],0.8
712,71,t[\x3a-\x3b]+p',t[\x3a-\x3b]+p,t[\x3a-\x3b]+p,1
713,71,tuv[A-Za-z0-9_]',tuv[A-Za-z0-9_],tuv[A-Za-z0-9_],1
714,71,(\$\{)\d+(:[^}]+\})',(\$\{)\d+(:[^}]+\}),(\$\{)\d+(:[^}]+\}),1
715,71,tri[abcdef]3',tri[abcdef]3,tri[abcdef]3,1
716,71,([:;])',([:;]),([:;]),1
717,71,(deedo|deedodo)',(deedo|deedodo),(deedo|deedodo),1
718,71,R+',R+,R+,1
719,71,"xg1(\d{1,3})%'","xg1(\d{1,3})%","xg1(\d{1,3})%",1
720,72,[^0-9A-Za-z]',[^0-9A-Za-z],[^0-9A-Za-z],0.6
721,72,&d([aeiou][aeiou])z',&d([aeiou][aeiou])z,&d([aeiou][aeiou])z,NA
722,72,([\072\073])',([\072\073]),([\072\073]),0.4
723,72,no[wxyz]5',no[wxyz]5,no[wxyz]5,1
724,72,RR*',RR*,RR*,0.8
725,72,t[:;]+p',t[:;]+p,t[:;]+p,0.8
726,72,"xg1([0-9]{1,3})%'","xg1([0-9]{1,3})%","xg1([0-9]{1,3})%",0.4
727,72,&(\w+);',&(\w+);,&(\w+);,NA
728,72,(deedo(do)?)',(deedo(do)?),(deedo(do)?),0.75
729,72,\{\$(\d+\.\d)\}',\{\$(\d+\.\d)\},\{\$(\d+\.\d)\},NA
730,73,\{\$(\d+\.\d)\}',\{\$(\d+\.\d)\},\{\$(\d+\.\d)\},1
731,73,[^0-9]',[^0-9],[^0-9],0
732,73,"((q4f){0,1}ab)'","((q4f){0,1}ab)","((q4f){0,1}ab)",1
733,73,([0-9]+)\.([0-9]+)',([0-9]+)\.([0-9]+),([0-9]+)\.([0-9]+),1
734,73,%([0-9a-fA-F][0-9a-fA-F])',%([0-9a-fA-F][0-9a-fA-F]),%([0-9a-fA-F][0-9a-fA-F]),0.8
735,73,&([A-Za-z0-9_]+);',&([A-Za-z0-9_]+);,&([A-Za-z0-9_]+);,0.75
736,73,no[wxyz]5',no[wxyz]5,no[wxyz]5,0.75
737,73,(:|;)',(:|;),(:|;),1
738,73,R+',R+,R+,0.8
739,73,t[\072-\073]+p',t[\072-\073]+p,t[\072-\073]+p,1
740,74,%([0-9A-Fa-f]{2})',%([0-9A-Fa-f]{2}),%([0-9A-Fa-f]{2}),1
741,74,[\s]',[\s],[\s],1
742,74,no(w|x|y|z)5',no(w|x|y|z)5,no(w|x|y|z)5,1
743,74,\{\$(\d+\.\d)\}',\{\$(\d+\.\d)\},\{\$(\d+\.\d)\},1
744,74,xyz[\x5b-\x5f]',xyz[\x5b-\x5f],xyz[\x5b-\x5f],1
745,74,(q4fab|ab)',(q4fab|ab),(q4fab|ab),1
746,74,(\{|\})',(\{|\}),(\{|\}),1
747,74,1q\w\w',1q\w\w,1q\w\w,1
748,74,"xg1(\d{1,3})%'","xg1(\d{1,3})%","xg1(\d{1,3})%",0.6
749,74,za+',za+,za+,1
750,75,t[.][$]+\d+[*]',t[.][$]+\d+[*],t[.][$]+\d+[*],1
751,75,(deedo(do)?)',(deedo(do)?),(deedo(do)?),1
752,75,1q[A-Za-z0-9_][A-Za-z0-9_]',1q[A-Za-z0-9_][A-Za-z0-9_],1q[A-Za-z0-9_][A-Za-z0-9_],1
753,75,([:;])',([:;]),([:;]),1
754,75,[a-f]([0-9]+)[a-f]',[a-f]([0-9]+)[a-f],[a-f]([0-9]+)[a-f],1
755,75,[\s]',[\s],[\s],1
756,75,xyz[\x5b-\x5f]',xyz[\x5b-\x5f],xyz[\x5b-\x5f],1
757,75,&d([aeiou][aeiou])z',&d([aeiou][aeiou])z,&d([aeiou][aeiou])z,1
758,75,RR*',RR*,RR*,1
759,75,tri[a-f]3',tri[a-f]3,tri[a-f]3,1
760,76,&d([aeiou]{2})z',&d([aeiou]{2})z,&d([aeiou]{2})z,1
761,76,\.+',\.+,\.+,1
762,76,t[.][$]+\d+[*]',t[.][$]+\d+[*],t[.][$]+\d+[*],1
763,76,(:|;)',(:|;),(:|;),0.8
764,76,[a-f]([0-9]+)[a-f]',[a-f]([0-9]+)[a-f],[a-f]([0-9]+)[a-f],0.8
765,76,"((q4f){0,1}ab)'","((q4f){0,1}ab)","((q4f){0,1}ab)",1
766,76,no[w-z]5',no[w-z]5,no[w-z]5,0.8
767,76,[\D]',[\D],[\D],1
768,76,1q\w\w',1q\w\w,1q\w\w,1
769,76,xyz[_\[\]`\^\\]',xyz[_\[\]`\^\\],xyz[_\[\]`\^\\],1
770,77,[a-f](\d+)[a-f]',[a-f](\d+)[a-f],[a-f](\d+)[a-f],1
771,77,no[w-z]5',no[w-z]5,no[w-z]5,1
772,77,fa[lmnop]{3}',fa[lmnop]{3},fa[lmnop]{3},1
773,77,tuv\w',tuv\w,tuv\w,1
774,77,R+',R+,R+,1
775,77,([\072\073])',([\072\073]),([\072\073]),0.4
776,77,t[\x3a-\x3b]+p',t[\x3a-\x3b]+p,t[\x3a-\x3b]+p,1
777,77,(\$\{)\d+(:[^}]+\})',(\$\{)\d+(:[^}]+\}),(\$\{)\d+(:[^}]+\}),1
778,77,((q4f)?ab)',((q4f)?ab),((q4f)?ab),1
779,77,[^0-9]',[^0-9],[^0-9],0.6
780,78,xyz[\0133-\0140]',xyz[\0133-\0140],xyz[\0133-\0140],0.6
781,78,"xg1([0-9]{1,3})%'","xg1([0-9]{1,3})%","xg1([0-9]{1,3})%",1
782,78,1q[A-Za-z0-9_][A-Za-z0-9_]',1q[A-Za-z0-9_][A-Za-z0-9_],1q[A-Za-z0-9_][A-Za-z0-9_],1
783,78,&d([aeiou][aeiou])z',&d([aeiou][aeiou])z,&d([aeiou][aeiou])z,1
784,78,"((q4f){0,1}ab)'","((q4f){0,1}ab)","((q4f){0,1}ab)",1
785,78,[\s]',[\s],[\s],1
786,78,([\0175\0173])',([\0175\0173]),([\0175\0173]),0.6
787,78,\{\$(\d+\.\d)\}',\{\$(\d+\.\d)\},\{\$(\d+\.\d)\},1
788,78,\.+',\.+,\.+,1
789,78,no(w|x|y|z)5',no(w|x|y|z)5,no(w|x|y|z)5,1
790,79,no(w|x|y|z)5',no(w|x|y|z)5,no(w|x|y|z)5,1
791,79,(deedo(do)?)',(deedo(do)?),(deedo(do)?),0.4
792,79,za+',za+,za+,1
793,79,xyz[_\[\]`\^\\]',xyz[_\[\]`\^\\],xyz[_\[\]`\^\\],0.6
794,79,(\d+)\.(\d+)',(\d+)\.(\d+),(\d+)\.(\d+),1
795,79,fa[lmnop]{3}',fa[lmnop]{3},fa[lmnop]{3},0.75
796,79,([:;])',([:;]),([:;]),0.4
797,79,(\$\{)\d+(:[^}]+\})',(\$\{)\d+(:[^}]+\}),(\$\{)\d+(:[^}]+\}),0.8
798,79,1q[A-Za-z0-9_][A-Za-z0-9_]',1q[A-Za-z0-9_][A-Za-z0-9_],1q[A-Za-z0-9_][A-Za-z0-9_],0.8
799,79,[\s]',[\s],[\s],1
800,80,t[:;]+p',t[:;]+p,t[:;]+p,0.8
801,80,&d([aeiou]{2})z',&d([aeiou]{2})z,&d([aeiou]{2})z,0.8
802,80,"xg1([0-9]{1,3})%'","xg1([0-9]{1,3})%","xg1([0-9]{1,3})%",0.8
803,80,RR*',RR*,RR*,0.4
804,80,t[.][$]+\d+[*]',t[.][$]+\d+[*],t[.][$]+\d+[*],0.8
805,80,[^0-9]',[^0-9],[^0-9],0.4
806,80,([\072\073])',([\072\073]),([\072\073]),0.2
807,80,1q[A-Za-z0-9_][A-Za-z0-9_]',1q[A-Za-z0-9_][A-Za-z0-9_],1q[A-Za-z0-9_][A-Za-z0-9_],0.4
808,80,(q4fab|ab)',(q4fab|ab),(q4fab|ab),0.6
809,80,no(w|x|y|z)5',no(w|x|y|z)5,no(w|x|y|z)5,0.8
810,81,RR*',RR*,RR*,1
811,81,[\D]',[\D],[\D],1
812,81,"((q4f){0,1}ab)'","((q4f){0,1}ab)","((q4f){0,1}ab)",1
813,81,no[wxyz]5',no[wxyz]5,no[wxyz]5,1
814,81,[{][$](\d+[.]\d)[}]',[{][$](\d+[.]\d)[}],[{][$](\d+[.]\d)[}],1
815,81,[a-f]([0-9]+)[a-f]',[a-f]([0-9]+)[a-f],[a-f]([0-9]+)[a-f],1
816,81,t[\x3a-\x3b]+p',t[\x3a-\x3b]+p,t[\x3a-\x3b]+p,1
817,81,tuv[A-Za-z0-9_]',tuv[A-Za-z0-9_],tuv[A-Za-z0-9_],1
818,81,fa[lmnop][lmnop][lmnop]',fa[lmnop][lmnop][lmnop],fa[lmnop][lmnop][lmnop],0.8
819,81,([\072\073])',([\072\073]),([\072\073]),1
820,82,([\072\073])',([\072\073]),([\072\073]),1
821,82,"xg1([0-9]{1,3})%'","xg1([0-9]{1,3})%","xg1([0-9]{1,3})%",1
822,82,xyz[_\[\]`\^\\]',xyz[_\[\]`\^\\],xyz[_\[\]`\^\\],1
823,82,(\$\{)\d+(:[^}]+\})',(\$\{)\d+(:[^}]+\}),(\$\{)\d+(:[^}]+\}),1
824,82,(deedo|deedodo)',(deedo|deedodo),(deedo|deedodo),1
825,82,[\t\r\f\n ]',[\t\r\f\n ],[\t\r\f\n ],NA
826,82,no[w-z]5',no[w-z]5,no[w-z]5,1
827,82,\..*',\..*,\..*,0.6
828,82,&([A-Za-z0-9_]+);',&([A-Za-z0-9_]+);,&([A-Za-z0-9_]+);,0.8
829,82,&d([aeiou]{2})z',&d([aeiou]{2})z,&d([aeiou]{2})z,1
830,83,tuv\w',tuv\w,tuv\w,1
831,83,[\W_]',[\W_],[\W_],1
832,83,[{][$](\d+[.]\d)[}]',[{][$](\d+[.]\d)[}],[{][$](\d+[.]\d)[}],1
833,83,"xg1(\d{1,3})%'","xg1(\d{1,3})%","xg1(\d{1,3})%",1
834,83,(deedo|deedodo)',(deedo|deedodo),(deedo|deedodo),1
835,83,\.+',\.+,\.+,1
836,83,tri[a-f]3',tri[a-f]3,tri[a-f]3,1
837,83,(\{|\})',(\{|\}),(\{|\}),1
838,83,xyz[\0133-\0140]',xyz[\0133-\0140],xyz[\0133-\0140],NA
839,83,fa[lmnop]{3}',fa[lmnop]{3},fa[lmnop]{3},1
840,84,t[\x3a-\x3b]+p',t[\x3a-\x3b]+p,t[\x3a-\x3b]+p,1
841,84,&(\w+);',&(\w+);,&(\w+);,1
842,84,([}{])',([}{]),([}{]),1
843,84,"(dee(do){1,2})'","(dee(do){1,2})","(dee(do){1,2})",1
844,84,fa[lmnop][lmnop][lmnop]',fa[lmnop][lmnop][lmnop],fa[lmnop][lmnop][lmnop],1
845,84,[{][$](\d+[.]\d)[}]',[{][$](\d+[.]\d)[}],[{][$](\d+[.]\d)[}],0.8
846,84,tri[a-f]3',tri[a-f]3,tri[a-f]3,1
847,84,[^0-9]',[^0-9],[^0-9],1
848,84,[a-f]([0-9]+)[a-f]',[a-f]([0-9]+)[a-f],[a-f]([0-9]+)[a-f],1
849,84,R+',R+,R+,1
850,85,t[\072-\073]+p',t[\072-\073]+p,t[\072-\073]+p,0.6
851,85,&([A-Za-z0-9_]+);',&([A-Za-z0-9_]+);,&([A-Za-z0-9_]+);,0.5
852,85,za+',za+,za+,0.4
853,85,[\W_]',[\W_],[\W_],0.2
854,85,(\{|\})',(\{|\}),(\{|\}),0.4
855,85,"xg1([0-9]{1,3})%'","xg1([0-9]{1,3})%","xg1([0-9]{1,3})%",0.6
856,85,t\.\$+\d+\*',t\.\$+\d+\*,t\.\$+\d+\*,0.6
857,85,(deedo|deedodo)',(deedo|deedodo),(deedo|deedodo),0.4
858,85,no[wxyz]5',no[wxyz]5,no[wxyz]5,0.8
859,85,%([0-9a-fA-F][0-9a-fA-F])',%([0-9a-fA-F][0-9a-fA-F]),%([0-9a-fA-F][0-9a-fA-F]),0.6
860,86,xyz[\0133-\0140]',xyz[\0133-\0140],xyz[\0133-\0140],0.4
861,86,t[.][$]+\d+[*]',t[.][$]+\d+[*],t[.][$]+\d+[*],0.8
862,86,zaa*',zaa*,zaa*,1
863,86,[^0-9A-Za-z]',[^0-9A-Za-z],[^0-9A-Za-z],0
864,86,[a-f]([0-9]+)[a-f]',[a-f]([0-9]+)[a-f],[a-f]([0-9]+)[a-f],1
865,86,([\072\073])',([\072\073]),([\072\073]),1
866,86,%([0-9A-Fa-f]{2})',%([0-9A-Fa-f]{2}),%([0-9A-Fa-f]{2}),1
867,86,(deedo(do)?)',(deedo(do)?),(deedo(do)?),0.8
868,86,1q\w\w',1q\w\w,1q\w\w,1
869,86,no[wxyz]5',no[wxyz]5,no[wxyz]5,1
870,87,(deedo(do)?)',(deedo(do)?),(deedo(do)?),1
871,87,&(\w+);',&(\w+);,&(\w+);,1
872,87,%([0-9A-Fa-f]{2})',%([0-9A-Fa-f]{2}),%([0-9A-Fa-f]{2}),1
873,87,[^0-9]',[^0-9],[^0-9],1
874,87,t[\x3a-\x3b]+p',t[\x3a-\x3b]+p,t[\x3a-\x3b]+p,1
875,87,t[.][$]+\d+[*]',t[.][$]+\d+[*],t[.][$]+\d+[*],1
876,87,(:|;)',(:|;),(:|;),1
877,87,[a-f]([0-9]+)[a-f]',[a-f]([0-9]+)[a-f],[a-f]([0-9]+)[a-f],1
878,87,zaa*',zaa*,zaa*,1
879,87,tri[a-f]3',tri[a-f]3,tri[a-f]3,1
880,88,([0-9]+)\.([0-9]+)',([0-9]+)\.([0-9]+),([0-9]+)\.([0-9]+),0.6
881,88,tuv\w',tuv\w,tuv\w,0.8
882,88,[^0-9A-Za-z]',[^0-9A-Za-z],[^0-9A-Za-z],0
883,88,((q4f)?ab)',((q4f)?ab),((q4f)?ab),0.75
884,88,(\{|\})',(\{|\}),(\{|\}),0.25
885,88,%([0-9A-Fa-f]{2})',%([0-9A-Fa-f]{2}),%([0-9A-Fa-f]{2}),0.4
886,88,no(w|x|y|z)5',no(w|x|y|z)5,no(w|x|y|z)5,0.75
887,88,t\.\$+\d+\*',t\.\$+\d+\*,t\.\$+\d+\*,0.75
888,88,t[\072-\073]+p',t[\072-\073]+p,t[\072-\073]+p,0.25
889,88,R+',R+,R+,1
890,89,[^0-9]',[^0-9],[^0-9],1
891,89,t[.][$]+\d+[*]',t[.][$]+\d+[*],t[.][$]+\d+[*],1
892,89,xyz[\x5b-\x5f]',xyz[\x5b-\x5f],xyz[\x5b-\x5f],1
893,89,fa[lmnop][lmnop][lmnop]',fa[lmnop][lmnop][lmnop],fa[lmnop][lmnop][lmnop],1
894,89,([}{])',([}{]),([}{]),1
895,89,(\d+)\.(\d+)',(\d+)\.(\d+),(\d+)\.(\d+),1
896,89,za+',za+,za+,1
897,89,1q[A-Za-z0-9_][A-Za-z0-9_]',1q[A-Za-z0-9_][A-Za-z0-9_],1q[A-Za-z0-9_][A-Za-z0-9_],1
898,89,(deedo|deedodo)',(deedo|deedodo),(deedo|deedodo),1
899,89,no[w-z]5',no[w-z]5,no[w-z]5,1
900,90,"xg1([0-9]{1,3})%'","xg1([0-9]{1,3})%","xg1([0-9]{1,3})%",0.4
901,90,([}{])',([}{]),([}{]),0.4
902,90,RR*',RR*,RR*,1
903,90,&(\w+);',&(\w+);,&(\w+);,0.8
904,90,(\$\{)\d+(:[^}]+\})',(\$\{)\d+(:[^}]+\}),(\$\{)\d+(:[^}]+\}),0.25
905,90,(deedo|deedodo)',(deedo|deedodo),(deedo|deedodo),1
906,90,[^0-9A-Za-z]',[^0-9A-Za-z],[^0-9A-Za-z],1
907,90,t[:;]+p',t[:;]+p,t[:;]+p,1
908,90,%([0-9a-fA-F][0-9a-fA-F])',%([0-9a-fA-F][0-9a-fA-F]),%([0-9a-fA-F][0-9a-fA-F]),1
909,90,tri(a|b|c|d|e|f)3',tri(a|b|c|d|e|f)3,tri(a|b|c|d|e|f)3,1
910,91,xyz[\x5b-\x5f]',xyz[\x5b-\x5f],xyz[\x5b-\x5f],0.6
911,91,tuv\w',tuv\w,tuv\w,1
912,91,([0-9]+)\.([0-9]+)',([0-9]+)\.([0-9]+),([0-9]+)\.([0-9]+),1
913,91,%([0-9a-fA-F][0-9a-fA-F])',%([0-9a-fA-F][0-9a-fA-F]),%([0-9a-fA-F][0-9a-fA-F]),1
914,91,(\{|\})',(\{|\}),(\{|\}),1
915,91,t\.\$+\d+\*',t\.\$+\d+\*,t\.\$+\d+\*,1
916,91,[\s]',[\s],[\s],1
917,91,no[wxyz]5',no[wxyz]5,no[wxyz]5,0.8
918,91,za+',za+,za+,1
919,91,(deedo(do)?)',(deedo(do)?),(deedo(do)?),0.8
920,92,([}{])',([}{]),([}{]),0.8
921,92,&(\w+);',&(\w+);,&(\w+);,1
922,92,(q4fab|ab)',(q4fab|ab),(q4fab|ab),1
923,92,tri(a|b|c|d|e|f)3',tri(a|b|c|d|e|f)3,tri(a|b|c|d|e|f)3,0.6
924,92,fa[lmnop]{3}',fa[lmnop]{3},fa[lmnop]{3},0.4
925,92,t[\x3a-\x3b]+p',t[\x3a-\x3b]+p,t[\x3a-\x3b]+p,NA
926,92,([$][{])\d+(:[^}]+[}])',([$][{])\d+(:[^}]+[}]),([$][{])\d+(:[^}]+[}]),0.4
927,92,\..*',\..*,\..*,1
928,92,[\D]',[\D],[\D],0.6
929,92,(\d+)\.(\d+)',(\d+)\.(\d+),(\d+)\.(\d+),0.3333333333
930,93,t[\072-\073]+p',t[\072-\073]+p,t[\072-\073]+p,1
931,93,no[w-z]5',no[w-z]5,no[w-z]5,1
932,93,(q4fab|ab)',(q4fab|ab),(q4fab|ab),1
933,93,[a-f](\d+)[a-f]',[a-f](\d+)[a-f],[a-f](\d+)[a-f],1
934,93,&d([aeiou][aeiou])z',&d([aeiou][aeiou])z,&d([aeiou][aeiou])z,1
935,93,tuv[A-Za-z0-9_]',tuv[A-Za-z0-9_],tuv[A-Za-z0-9_],1
936,93,\{\$(\d+\.\d)\}',\{\$(\d+\.\d)\},\{\$(\d+\.\d)\},1
937,93,(:|;)',(:|;),(:|;),1
938,93,\..*',\..*,\..*,1
939,93,[^0-9A-Za-z]',[^0-9A-Za-z],[^0-9A-Za-z],1
940,94,&([A-Za-z0-9_]+);',&([A-Za-z0-9_]+);,&([A-Za-z0-9_]+);,1
941,94,(deedo|deedodo)',(deedo|deedodo),(deedo|deedodo),1
942,94,tri(a|b|c|d|e|f)3',tri(a|b|c|d|e|f)3,tri(a|b|c|d|e|f)3,1
943,94,([}{])',([}{]),([}{]),1
944,94,xyz[\0133-\0140]',xyz[\0133-\0140],xyz[\0133-\0140],0.75
945,94,RR*',RR*,RR*,0.8
946,94,(\d+)\.(\d+)',(\d+)\.(\d+),(\d+)\.(\d+),1
947,94,[\W_]',[\W_],[\W_],1
948,94,fa[lmnop][lmnop][lmnop]',fa[lmnop][lmnop][lmnop],fa[lmnop][lmnop][lmnop],1
949,94,t\.\$+\d+\*',t\.\$+\d+\*,t\.\$+\d+\*,1
950,95,[\s]',[\s],[\s],1
951,95,t[\072-\073]+p',t[\072-\073]+p,t[\072-\073]+p,1
952,95,\..*',\..*,\..*,1
953,95,"((q4f){0,1}ab)'","((q4f){0,1}ab)","((q4f){0,1}ab)",1
954,95,tuv\w',tuv\w,tuv\w,1
955,95,\{\$(\d+\.\d)\}',\{\$(\d+\.\d)\},\{\$(\d+\.\d)\},1
956,95,fa[lmnop][lmnop][lmnop]',fa[lmnop][lmnop][lmnop],fa[lmnop][lmnop][lmnop],1
957,95,no[w-z]5',no[w-z]5,no[w-z]5,1
958,95,(\d+)\.(\d+)',(\d+)\.(\d+),(\d+)\.(\d+),1
959,95,([}{])',([}{]),([}{]),1
960,96,tri(a|b|c|d|e|f)3',tri(a|b|c|d|e|f)3,tri(a|b|c|d|e|f)3,0.4
961,96,([$][{])\d+(:[^}]+[}])',([$][{])\d+(:[^}]+[}]),([$][{])\d+(:[^}]+[}]),0.4
962,96,"xg1([0-9]{1,3})%'","xg1([0-9]{1,3})%","xg1([0-9]{1,3})%",0.8
963,96,(q4fab|ab)',(q4fab|ab),(q4fab|ab),0.8
964,96,&([A-Za-z0-9_]+);',&([A-Za-z0-9_]+);,&([A-Za-z0-9_]+);,0.8
965,96,\.+',\.+,\.+,1
966,96,xyz[\0133-\0140]',xyz[\0133-\0140],xyz[\0133-\0140],0.5
967,96,fa[lmnop]{3}',fa[lmnop]{3},fa[lmnop]{3},1
968,96,([\072\073])',([\072\073]),([\072\073]),0.25
969,96,[\W_]',[\W_],[\W_],0.4
970,97,(q4fab|ab)',(q4fab|ab),(q4fab|ab),1
971,97,([}{])',([}{]),([}{]),1
972,97,"xg1(\d{1,3})%'","xg1(\d{1,3})%","xg1(\d{1,3})%",0.6
973,97,R+',R+,R+,1
974,97,[{][$](\d+[.]\d)[}]',[{][$](\d+[.]\d)[}],[{][$](\d+[.]\d)[}],1
975,97,fa[lmnop]{3}',fa[lmnop]{3},fa[lmnop]{3},1
976,97,[\D]',[\D],[\D],0.4
977,97,t[:;]+p',t[:;]+p,t[:;]+p,1
978,97,&(\w+);',&(\w+);,&(\w+);,NA
979,97,no(w|x|y|z)5',no(w|x|y|z)5,no(w|x|y|z)5,0.6
980,98,&([A-Za-z0-9_]+);',&([A-Za-z0-9_]+);,&([A-Za-z0-9_]+);,0.6
981,98,[a-f]([0-9]+)[a-f]',[a-f]([0-9]+)[a-f],[a-f]([0-9]+)[a-f],0.4
982,98,t\.\$+\d+\*',t\.\$+\d+\*,t\.\$+\d+\*,0.8
983,98,fa[lmnop]{3}',fa[lmnop]{3},fa[lmnop]{3},0.8
984,98,tri[a-f]3',tri[a-f]3,tri[a-f]3,1
985,98,xyz[\0133-\0140]',xyz[\0133-\0140],xyz[\0133-\0140],0.6
986,98,(:|;)',(:|;),(:|;),1
987,98,(deedo|deedodo)',(deedo|deedodo),(deedo|deedodo),1
988,98,[\t\r\f\n ]',[\t\r\f\n ],[\t\r\f\n ],0.6
989,98,zaa*',zaa*,zaa*,1
990,99,no(w|x|y|z)5',no(w|x|y|z)5,no(w|x|y|z)5,1
991,99,tuv\w',tuv\w,tuv\w,0.8
992,99,[\t\r\f\n ]',[\t\r\f\n ],[\t\r\f\n ],0.6
993,99,([:;])',([:;]),([:;]),0.4
994,99,t[:;]+p',t[:;]+p,t[:;]+p,1
995,99,([$][{])\d+(:[^}]+[}])',([$][{])\d+(:[^}]+[}]),([$][{])\d+(:[^}]+[}]),0.8
996,99,"((q4f){0,1}ab)'","((q4f){0,1}ab)","((q4f){0,1}ab)",0.6
997,99,fa[lmnop][lmnop][lmnop]',fa[lmnop][lmnop][lmnop],fa[lmnop][lmnop][lmnop],0.6
998,99,\..*',\..*,\..*,0.8
999,99,"xg1(\d{1,3})%'","xg1(\d{1,3})%","xg1(\d{1,3})%",0.6
1000,100,([0-9]+)\.([0-9]+)',([0-9]+)\.([0-9]+),([0-9]+)\.([0-9]+),0.2
1001,100,1q[A-Za-z0-9_][A-Za-z0-9_]',1q[A-Za-z0-9_][A-Za-z0-9_],1q[A-Za-z0-9_][A-Za-z0-9_],0.8
1002,100,fa[lmnop][lmnop][lmnop]',fa[lmnop][lmnop][lmnop],fa[lmnop][lmnop][lmnop],0.8
1003,100,tri[abcdef]3',tri[abcdef]3,tri[abcdef]3,0.6
1004,100,"(dee(do){1,2})'","(dee(do){1,2})","(dee(do){1,2})",0.75
1005,100,(\{|\})',(\{|\}),(\{|\}),0.6
1006,100,[{][$](\d+[.]\d)[}]',[{][$](\d+[.]\d)[}],[{][$](\d+[.]\d)[}],0.8
1007,100,xyz[\x5b-\x5f]',xyz[\x5b-\x5f],xyz[\x5b-\x5f],0.2
1008,100,[\s]',[\s],[\s],0.4
1009,100,zaa*',zaa*,zaa*,0.6
1010,101,no[w-z]5',no[w-z]5,no[w-z]5,1
1011,101,([$][{])\d+(:[^}]+[}])',([$][{])\d+(:[^}]+[}]),([$][{])\d+(:[^}]+[}]),1
1012,101,zaa*',zaa*,zaa*,1
1013,101,([}{])',([}{]),([}{]),1
1014,101,tuv[A-Za-z0-9_]',tuv[A-Za-z0-9_],tuv[A-Za-z0-9_],1
1015,101,t[\x3a-\x3b]+p',t[\x3a-\x3b]+p,t[\x3a-\x3b]+p,1
1016,101,[^0-9A-Za-z]',[^0-9A-Za-z],[^0-9A-Za-z],1
1017,101,((q4f)?ab)',((q4f)?ab),((q4f)?ab),1
1018,101,&d([aeiou]{2})z',&d([aeiou]{2})z,&d([aeiou]{2})z,1
1019,101,[a-f]([0-9]+)[a-f]',[a-f]([0-9]+)[a-f],[a-f]([0-9]+)[a-f],1
1020,102,(deedo(do)?)',(deedo(do)?),(deedo(do)?),1
1021,102,([\0175\0173])',([\0175\0173]),([\0175\0173]),1
1022,102,R+',R+,R+,1
1023,102,[\t\r\f\n ]',[\t\r\f\n ],[\t\r\f\n ],1
1024,102,fa[lmnop][lmnop][lmnop]',fa[lmnop][lmnop][lmnop],fa[lmnop][lmnop][lmnop],1
1025,102,xyz[\0133-\0140]',xyz[\0133-\0140],xyz[\0133-\0140],1
1026,102,1q[A-Za-z0-9_][A-Za-z0-9_]',1q[A-Za-z0-9_][A-Za-z0-9_],1q[A-Za-z0-9_][A-Za-z0-9_],1
1027,102,[a-f]([0-9]+)[a-f]',[a-f]([0-9]+)[a-f],[a-f]([0-9]+)[a-f],0.8
1028,102,no[wxyz]5',no[wxyz]5,no[wxyz]5,1
1029,102,\{\$(\d+\.\d)\}',\{\$(\d+\.\d)\},\{\$(\d+\.\d)\},1
1030,103,zaa*',zaa*,zaa*,1
1031,103,[^0-9A-Za-z]',[^0-9A-Za-z],[^0-9A-Za-z],1
1032,103,xyz[\x5b-\x5f]',xyz[\x5b-\x5f],xyz[\x5b-\x5f],1
1033,103,([\0175\0173])',([\0175\0173]),([\0175\0173]),0.4
1034,103,1q\w\w',1q\w\w,1q\w\w,1
1035,103,"((q4f){0,1}ab)'","((q4f){0,1}ab)","((q4f){0,1}ab)",1
1036,103,tri[abcdef]3',tri[abcdef]3,tri[abcdef]3,1
1037,103,"xg1([0-9]{1,3})%'","xg1([0-9]{1,3})%","xg1([0-9]{1,3})%",1
1038,103,&d([aeiou][aeiou])z',&d([aeiou][aeiou])z,&d([aeiou][aeiou])z,1
1039,103,t[.][$]+\d+[*]',t[.][$]+\d+[*],t[.][$]+\d+[*],1
1040,104,(deedo|deedodo)',(deedo|deedodo),(deedo|deedodo),1
1041,104,([$][{])\d+(:[^}]+[}])',([$][{])\d+(:[^}]+[}]),([$][{])\d+(:[^}]+[}]),0.8
1042,104,"xg1([0-9]{1,3})%'","xg1([0-9]{1,3})%","xg1([0-9]{1,3})%",1
1043,104,tuv\w',tuv\w,tuv\w,1
1044,104,fa[lmnop][lmnop][lmnop]',fa[lmnop][lmnop][lmnop],fa[lmnop][lmnop][lmnop],1
1045,104,[\D]',[\D],[\D],0.8
1046,104,no[w-z]5',no[w-z]5,no[w-z]5,1
1047,104,\.+',\.+,\.+,1
1048,104,([\0175\0173])',([\0175\0173]),([\0175\0173]),0.5
1049,104,t[\x3a-\x3b]+p',t[\x3a-\x3b]+p,t[\x3a-\x3b]+p,0.8
1050,105,tuv\w',tuv\w,tuv\w,1
1051,105,([\072\073])',([\072\073]),([\072\073]),NA
1052,105,t[\072-\073]+p',t[\072-\073]+p,t[\072-\073]+p,NA
1053,105,(deedo(do)?)',(deedo(do)?),(deedo(do)?),1
1054,105,(\$\{)\d+(:[^}]+\})',(\$\{)\d+(:[^}]+\}),(\$\{)\d+(:[^}]+\}),1
1055,105,[^0-9]',[^0-9],[^0-9],1
1056,105,%([0-9A-Fa-f]{2})',%([0-9A-Fa-f]{2}),%([0-9A-Fa-f]{2}),0.8
1057,105,"xg1([0-9]{1,3})%'","xg1([0-9]{1,3})%","xg1([0-9]{1,3})%",1
1058,105,tri[abcdef]3',tri[abcdef]3,tri[abcdef]3,1
1059,105,\.+',\.+,\.+,1
1060,106,(\$\{)\d+(:[^}]+\})',(\$\{)\d+(:[^}]+\}),(\$\{)\d+(:[^}]+\}),0.6
1061,106,"(dee(do){1,2})'","(dee(do){1,2})","(dee(do){1,2})",0.5
1062,106,t[:;]+p',t[:;]+p,t[:;]+p,1
1063,106,([0-9]+)\.([0-9]+)',([0-9]+)\.([0-9]+),([0-9]+)\.([0-9]+),1
1064,106,[\t\r\f\n ]',[\t\r\f\n ],[\t\r\f\n ],0.6
1065,106,\..*',\..*,\..*,0.8
1066,106,no[w-z]5',no[w-z]5,no[w-z]5,0.8
1067,106,([}{])',([}{]),([}{]),0.4
1068,106,%([0-9A-Fa-f]{2})',%([0-9A-Fa-f]{2}),%([0-9A-Fa-f]{2}),0.2
1069,106,1q[A-Za-z0-9_][A-Za-z0-9_]',1q[A-Za-z0-9_][A-Za-z0-9_],1q[A-Za-z0-9_][A-Za-z0-9_],0.6
1070,107,(q4fab|ab)',(q4fab|ab),(q4fab|ab),1
1071,107,([0-9]+)\.([0-9]+)',([0-9]+)\.([0-9]+),([0-9]+)\.([0-9]+),0.75
1072,107,no[wxyz]5',no[wxyz]5,no[wxyz]5,0.4
1073,107,([:;])',([:;]),([:;]),0
1074,107,R+',R+,R+,0.6666666667
1075,107,1q\w\w',1q\w\w,1q\w\w,0.8
1076,107,[\s]',[\s],[\s],1
1077,107,&d([aeiou][aeiou])z',&d([aeiou][aeiou])z,&d([aeiou][aeiou])z,1
1078,107,xyz[\0133-\0140]',xyz[\0133-\0140],xyz[\0133-\0140],0.4
1079,107,[{][$](\d+[.]\d)[}]',[{][$](\d+[.]\d)[}],[{][$](\d+[.]\d)[}],1
1080,108,[\W_]',[\W_],[\W_],0
1081,108,xyz[_\[\]`\^\\]',xyz[_\[\]`\^\\],xyz[_\[\]`\^\\],0.6
1082,108,([0-9]+)\.([0-9]+)',([0-9]+)\.([0-9]+),([0-9]+)\.([0-9]+),0.8
1083,108,tri[abcdef]3',tri[abcdef]3,tri[abcdef]3,1
1084,108,fa[lmnop][lmnop][lmnop]',fa[lmnop][lmnop][lmnop],fa[lmnop][lmnop][lmnop],1
1085,108,((q4f)?ab)',((q4f)?ab),((q4f)?ab),1
1086,108,za+',za+,za+,1
1087,108,1q\w\w',1q\w\w,1q\w\w,1
1088,108,([$][{])\d+(:[^}]+[}])',([$][{])\d+(:[^}]+[}]),([$][{])\d+(:[^}]+[}]),0.6
1089,108,(:|;)',(:|;),(:|;),1
1090,109,tuv[A-Za-z0-9_]',tuv[A-Za-z0-9_],tuv[A-Za-z0-9_],0.8
1091,109,fa[lmnop][lmnop][lmnop]',fa[lmnop][lmnop][lmnop],fa[lmnop][lmnop][lmnop],0.6
1092,109,([0-9]+)\.([0-9]+)',([0-9]+)\.([0-9]+),([0-9]+)\.([0-9]+),0.8
1093,109,xyz[_\[\]`\^\\]',xyz[_\[\]`\^\\],xyz[_\[\]`\^\\],0.5
1094,109,[^0-9]',[^0-9],[^0-9],0
1095,109,([\0175\0173])',([\0175\0173]),([\0175\0173]),0.4
1096,109,((q4f)?ab)',((q4f)?ab),((q4f)?ab),0.3333333333
1097,109,[{][$](\d+[.]\d)[}]',[{][$](\d+[.]\d)[}],[{][$](\d+[.]\d)[}],0.4
1098,109,tri[a-f]3',tri[a-f]3,tri[a-f]3,1
1099,109,\.+',\.+,\.+,0.5
1100,110,xyz[_\[\]`\^\\]',xyz[_\[\]`\^\\],xyz[_\[\]`\^\\],0.6
1101,110,%([0-9a-fA-F][0-9a-fA-F])',%([0-9a-fA-F][0-9a-fA-F]),%([0-9a-fA-F][0-9a-fA-F]),0.6
1102,110,[\s]',[\s],[\s],0.6
1103,110,1q[A-Za-z0-9_][A-Za-z0-9_]',1q[A-Za-z0-9_][A-Za-z0-9_],1q[A-Za-z0-9_][A-Za-z0-9_],0.6
1104,110,([:;])',([:;]),([:;]),0.4
1105,110,\{\$(\d+\.\d)\}',\{\$(\d+\.\d)\},\{\$(\d+\.\d)\},1
1106,110,\..*',\..*,\..*,0.8
1107,110,([0-9]+)\.([0-9]+)',([0-9]+)\.([0-9]+),([0-9]+)\.([0-9]+),1
1108,110,((q4f)?ab)',((q4f)?ab),((q4f)?ab),0.6
1109,110,no(w|x|y|z)5',no(w|x|y|z)5,no(w|x|y|z)5,1
1110,111,tuv\w',tuv\w,tuv\w,0.5
1111,111,([\072\073])',([\072\073]),([\072\073]),1
1112,111,\{\$(\d+\.\d)\}',\{\$(\d+\.\d)\},\{\$(\d+\.\d)\},1
1113,111,[a-f](\d+)[a-f]',[a-f](\d+)[a-f],[a-f](\d+)[a-f],0.6
1114,111,&d([aeiou][aeiou])z',&d([aeiou][aeiou])z,&d([aeiou][aeiou])z,1
1115,111,no(w|x|y|z)5',no(w|x|y|z)5,no(w|x|y|z)5,1
1116,111,[^0-9]',[^0-9],[^0-9],0
1117,111,((q4f)?ab)',((q4f)?ab),((q4f)?ab),0.4
1118,111,xyz[\x5b-\x5f]',xyz[\x5b-\x5f],xyz[\x5b-\x5f],0.6
1119,111,\..*',\..*,\..*,1
1120,112,%([0-9a-fA-F][0-9a-fA-F])',%([0-9a-fA-F][0-9a-fA-F]),%([0-9a-fA-F][0-9a-fA-F]),0.6
1121,112,(\$\{)\d+(:[^}]+\})',(\$\{)\d+(:[^}]+\}),(\$\{)\d+(:[^}]+\}),0.4
1122,112,xyz[_\[\]`\^\\]',xyz[_\[\]`\^\\],xyz[_\[\]`\^\\],0.6
1123,112,tri[a-f]3',tri[a-f]3,tri[a-f]3,0.8
1124,112,[^0-9A-Za-z]',[^0-9A-Za-z],[^0-9A-Za-z],0.4
1125,112,([\0175\0173])',([\0175\0173]),([\0175\0173]),0.5
1126,112,((q4f)?ab)',((q4f)?ab),((q4f)?ab),0.8
1127,112,zaa*',zaa*,zaa*,1
1128,112,&([A-Za-z0-9_]+);',&([A-Za-z0-9_]+);,&([A-Za-z0-9_]+);,0.6
1129,112,([0-9]+)\.([0-9]+)',([0-9]+)\.([0-9]+),([0-9]+)\.([0-9]+),1
1130,113,(q4fab|ab)',(q4fab|ab),(q4fab|ab),0.6
1131,113,[\W_]',[\W_],[\W_],0.8
1132,113,t[\072-\073]+p',t[\072-\073]+p,t[\072-\073]+p,0.8
1133,113,fa[lmnop][lmnop][lmnop]',fa[lmnop][lmnop][lmnop],fa[lmnop][lmnop][lmnop],0.6
1134,113,no[wxyz]5',no[wxyz]5,no[wxyz]5,1
1135,113,([0-9]+)\.([0-9]+)',([0-9]+)\.([0-9]+),([0-9]+)\.([0-9]+),1
1136,113,([\072\073])',([\072\073]),([\072\073]),NA
1137,113,1q[A-Za-z0-9_][A-Za-z0-9_]',1q[A-Za-z0-9_][A-Za-z0-9_],1q[A-Za-z0-9_][A-Za-z0-9_],0.6
1138,113,R+',R+,R+,0.4
1139,113,t\.\$+\d+\*',t\.\$+\d+\*,t\.\$+\d+\*,0.6
1140,114,(deedo(do)?)',(deedo(do)?),(deedo(do)?),0.6
1141,114,[^0-9]',[^0-9],[^0-9],0
1142,114,R+',R+,R+,1
1143,114,fa[lmnop][lmnop][lmnop]',fa[lmnop][lmnop][lmnop],fa[lmnop][lmnop][lmnop],0.8
1144,114,([:;])',([:;]),([:;]),1
1145,114,[a-f](\d+)[a-f]',[a-f](\d+)[a-f],[a-f](\d+)[a-f],0.8
1146,114,no[wxyz]5',no[wxyz]5,no[wxyz]5,0.4
1147,114,&(\w+);',&(\w+);,&(\w+);,0.8
1148,114,xyz[\x5b-\x5f]',xyz[\x5b-\x5f],xyz[\x5b-\x5f],0.2
1149,114,\{\$(\d+\.\d)\}',\{\$(\d+\.\d)\},\{\$(\d+\.\d)\},0.6
1150,115,fa[lmnop]{3}',fa[lmnop]{3},fa[lmnop]{3},1
1151,115,xyz[_\[\]`\^\\]',xyz[_\[\]`\^\\],xyz[_\[\]`\^\\],1
1152,115,[^0-9]',[^0-9],[^0-9],1
1153,115,(deedo|deedodo)',(deedo|deedodo),(deedo|deedodo),0.8
1154,115,tri[abcdef]3',tri[abcdef]3,tri[abcdef]3,1
1155,115,tuv[A-Za-z0-9_]',tuv[A-Za-z0-9_],tuv[A-Za-z0-9_],1
1156,115,(\d+)\.(\d+)',(\d+)\.(\d+),(\d+)\.(\d+),1
1157,115,([$][{])\d+(:[^}]+[}])',([$][{])\d+(:[^}]+[}]),([$][{])\d+(:[^}]+[}]),0.8
1158,115,([}{])',([}{]),([}{]),1
1159,115,RR*',RR*,RR*,1
1160,116,(\d+)\.(\d+)',(\d+)\.(\d+),(\d+)\.(\d+),1
1161,116,&d([aeiou][aeiou])z',&d([aeiou][aeiou])z,&d([aeiou][aeiou])z,1
1162,116,&(\w+);',&(\w+);,&(\w+);,1
1163,116,([\072\073])',([\072\073]),([\072\073]),1
1164,116,[\s]',[\s],[\s],1
1165,116,t[\072-\073]+p',t[\072-\073]+p,t[\072-\073]+p,1
1166,116,tri(a|b|c|d|e|f)3',tri(a|b|c|d|e|f)3,tri(a|b|c|d|e|f)3,1
1167,116,t[.][$]+\d+[*]',t[.][$]+\d+[*],t[.][$]+\d+[*],0.8
1168,116,RR*',RR*,RR*,1
1169,116,(deedo|deedodo)',(deedo|deedodo),(deedo|deedodo),1
1170,117,[a-f](\d+)[a-f]',[a-f](\d+)[a-f],[a-f](\d+)[a-f],1
1171,117,[^0-9A-Za-z]',[^0-9A-Za-z],[^0-9A-Za-z],1
1172,117,&d([aeiou][aeiou])z',&d([aeiou][aeiou])z,&d([aeiou][aeiou])z,1
1173,117,([\0175\0173])',([\0175\0173]),([\0175\0173]),1
1174,117,(\$\{)\d+(:[^}]+\})',(\$\{)\d+(:[^}]+\}),(\$\{)\d+(:[^}]+\}),1
1175,117,tuv[A-Za-z0-9_]',tuv[A-Za-z0-9_],tuv[A-Za-z0-9_],0.8
1176,117,(q4fab|ab)',(q4fab|ab),(q4fab|ab),1
1177,117,za+',za+,za+,0.8
1178,117,t[\072-\073]+p',t[\072-\073]+p,t[\072-\073]+p,1
1179,117,no(w|x|y|z)5',no(w|x|y|z)5,no(w|x|y|z)5,1
1180,118,(\$\{)\d+(:[^}]+\})',(\$\{)\d+(:[^}]+\}),(\$\{)\d+(:[^}]+\}),1
1181,118,za+',za+,za+,1
1182,118,xyz[\0133-\0140]',xyz[\0133-\0140],xyz[\0133-\0140],NA
1183,118,(\{|\})',(\{|\}),(\{|\}),0.8
1184,118,&(\w+);',&(\w+);,&(\w+);,1
1185,118,(q4fab|ab)',(q4fab|ab),(q4fab|ab),1
1186,118,tri(a|b|c|d|e|f)3',tri(a|b|c|d|e|f)3,tri(a|b|c|d|e|f)3,1
1187,118,fa[lmnop]{3}',fa[lmnop]{3},fa[lmnop]{3},0.4
1188,118,"xg1([0-9]{1,3})%'","xg1([0-9]{1,3})%","xg1([0-9]{1,3})%",0.8
1189,118,[^0-9A-Za-z]',[^0-9A-Za-z],[^0-9A-Za-z],1
1190,119,([}{])',([}{]),([}{]),1
1191,119,t\.\$+\d+\*',t\.\$+\d+\*,t\.\$+\d+\*,1
1192,119,RR*',RR*,RR*,1
1193,119,t[:;]+p',t[:;]+p,t[:;]+p,1
1194,119,%([0-9a-fA-F][0-9a-fA-F])',%([0-9a-fA-F][0-9a-fA-F]),%([0-9a-fA-F][0-9a-fA-F]),1
1195,119,&([A-Za-z0-9_]+);',&([A-Za-z0-9_]+);,&([A-Za-z0-9_]+);,1
1196,119,"((q4f){0,1}ab)'","((q4f){0,1}ab)","((q4f){0,1}ab)",1
1197,119,[\t\r\f\n ]',[\t\r\f\n ],[\t\r\f\n ],0.8
1198,119,(\d+)\.(\d+)',(\d+)\.(\d+),(\d+)\.(\d+),1
1199,119,tri[a-f]3',tri[a-f]3,tri[a-f]3,1
1200,120,(\d+)\.(\d+)',(\d+)\.(\d+),(\d+)\.(\d+),0.8
1201,120,[\D]',[\D],[\D],1
1202,120,R+',R+,R+,1
1203,120,fa[lmnop][lmnop][lmnop]',fa[lmnop][lmnop][lmnop],fa[lmnop][lmnop][lmnop],1
1204,120,tuv\w',tuv\w,tuv\w,1
1205,120,"(dee(do){1,2})'","(dee(do){1,2})","(dee(do){1,2})",1
1206,120,xyz[\0133-\0140]',xyz[\0133-\0140],xyz[\0133-\0140],0.6
1207,120,[{][$](\d+[.]\d)[}]',[{][$](\d+[.]\d)[}],[{][$](\d+[.]\d)[}],1
1208,120,([\0175\0173])',([\0175\0173]),([\0175\0173]),0.6
1209,120,tri[abcdef]3',tri[abcdef]3,tri[abcdef]3,1
1210,121,([0-9]+)\.([0-9]+)',([0-9]+)\.([0-9]+),([0-9]+)\.([0-9]+),1
1211,121,\{\$(\d+\.\d)\}',\{\$(\d+\.\d)\},\{\$(\d+\.\d)\},1
1212,121,xyz[\0133-\0140]',xyz[\0133-\0140],xyz[\0133-\0140],0.4
1213,121,(deedo|deedodo)',(deedo|deedodo),(deedo|deedodo),0.8
1214,121,no[w-z]5',no[w-z]5,no[w-z]5,0.8
1215,121,([\072\073])',([\072\073]),([\072\073]),0.4
1216,121,[\s]',[\s],[\s],0.8
1217,121,1q[A-Za-z0-9_][A-Za-z0-9_]',1q[A-Za-z0-9_][A-Za-z0-9_],1q[A-Za-z0-9_][A-Za-z0-9_],0.8
1218,121,RR*',RR*,RR*,1
1219,121,fa[lmnop]{3}',fa[lmnop]{3},fa[lmnop]{3},1
1220,122,[\D]',[\D],[\D],0.4
1221,122,tri[a-f]3',tri[a-f]3,tri[a-f]3,1
1222,122,t[\x3a-\x3b]+p',t[\x3a-\x3b]+p,t[\x3a-\x3b]+p,1
1223,122,&([A-Za-z0-9_]+);',&([A-Za-z0-9_]+);,&([A-Za-z0-9_]+);,0.8
1224,122,%([0-9a-fA-F][0-9a-fA-F])',%([0-9a-fA-F][0-9a-fA-F]),%([0-9a-fA-F][0-9a-fA-F]),0.6
1225,122,([0-9]+)\.([0-9]+)',([0-9]+)\.([0-9]+),([0-9]+)\.([0-9]+),1
1226,122,([}{])',([}{]),([}{]),0.4
1227,122,RR*',RR*,RR*,0.4
1228,122,(\$\{)\d+(:[^}]+\})',(\$\{)\d+(:[^}]+\}),(\$\{)\d+(:[^}]+\}),0.8
1229,122,"((q4f){0,1}ab)'","((q4f){0,1}ab)","((q4f){0,1}ab)",0.6
1230,123,\..*',\..*,\..*,0.8
1231,123,[{][$](\d+[.]\d)[}]',[{][$](\d+[.]\d)[}],[{][$](\d+[.]\d)[}],1
1232,123,(deedo(do)?)',(deedo(do)?),(deedo(do)?),0.6
1233,123,([}{])',([}{]),([}{]),0.4
1234,123,t[\x3a-\x3b]+p',t[\x3a-\x3b]+p,t[\x3a-\x3b]+p,1
1235,123,"xg1([0-9]{1,3})%'","xg1([0-9]{1,3})%","xg1([0-9]{1,3})%",0.6
1236,123,%([0-9A-Fa-f]{2})',%([0-9A-Fa-f]{2}),%([0-9A-Fa-f]{2}),0.6
1237,123,tri(a|b|c|d|e|f)3',tri(a|b|c|d|e|f)3,tri(a|b|c|d|e|f)3,1
1238,123,tuv[A-Za-z0-9_]',tuv[A-Za-z0-9_],tuv[A-Za-z0-9_],0.8
1239,123,[\D]',[\D],[\D],0
1240,124,"xg1([0-9]{1,3})%'","xg1([0-9]{1,3})%","xg1([0-9]{1,3})%",0.8
1241,124,tuv\w',tuv\w,tuv\w,1
1242,124,[\s]',[\s],[\s],1
1243,124,%([0-9a-fA-F][0-9a-fA-F])',%([0-9a-fA-F][0-9a-fA-F]),%([0-9a-fA-F][0-9a-fA-F]),1
1244,124,\{\$(\d+\.\d)\}',\{\$(\d+\.\d)\},\{\$(\d+\.\d)\},1
1245,124,(q4fab|ab)',(q4fab|ab),(q4fab|ab),1
1246,124,t[\072-\073]+p',t[\072-\073]+p,t[\072-\073]+p,1
1247,124,([\072\073])',([\072\073]),([\072\073]),1
1248,124,no(w|x|y|z)5',no(w|x|y|z)5,no(w|x|y|z)5,1
1249,124,RR*',RR*,RR*,1
1250,125,[a-f](\d+)[a-f]',[a-f](\d+)[a-f],[a-f](\d+)[a-f],0.8
1251,125,\..*',\..*,\..*,0.6
1252,125,([\0175\0173])',([\0175\0173]),([\0175\0173]),0.3333333333
1253,125,xyz[_\[\]`\^\\]',xyz[_\[\]`\^\\],xyz[_\[\]`\^\\],0.8
1254,125,no[wxyz]5',no[wxyz]5,no[wxyz]5,1
1255,125,&([A-Za-z0-9_]+);',&([A-Za-z0-9_]+);,&([A-Za-z0-9_]+);,0.6
1256,125,"((q4f){0,1}ab)'","((q4f){0,1}ab)","((q4f){0,1}ab)",0.4
1257,125,fa[lmnop][lmnop][lmnop]',fa[lmnop][lmnop][lmnop],fa[lmnop][lmnop][lmnop],0.6
1258,125,[\D]',[\D],[\D],0
1259,125,[{][$](\d+[.]\d)[}]',[{][$](\d+[.]\d)[}],[{][$](\d+[.]\d)[}],0.75
1260,126,no[wxyz]5',no[wxyz]5,no[wxyz]5,1
1261,126,t[.][$]+\d+[*]',t[.][$]+\d+[*],t[.][$]+\d+[*],0.8
1262,126,([\0175\0173])',([\0175\0173]),([\0175\0173]),0.4
1263,126,(q4fab|ab)',(q4fab|ab),(q4fab|ab),1
1264,126,t[:;]+p',t[:;]+p,t[:;]+p,0.8
1265,126,[a-f]([0-9]+)[a-f]',[a-f]([0-9]+)[a-f],[a-f]([0-9]+)[a-f],1
1266,126,[\W_]',[\W_],[\W_],1
1267,126,&d([aeiou][aeiou])z',&d([aeiou][aeiou])z,&d([aeiou][aeiou])z,1
1268,126,zaa*',zaa*,zaa*,1
1269,126,&(\w+);',&(\w+);,&(\w+);,0.8
1270,127,t[.][$]+\d+[*]',t[.][$]+\d+[*],t[.][$]+\d+[*],1
1271,127,R+',R+,R+,1
1272,127,"xg1(\d{1,3})%'","xg1(\d{1,3})%","xg1(\d{1,3})%",1
1273,127,xyz[_\[\]`\^\\]',xyz[_\[\]`\^\\],xyz[_\[\]`\^\\],1
1274,127,no[wxyz]5',no[wxyz]5,no[wxyz]5,0.8
1275,127,1q\w\w',1q\w\w,1q\w\w,1
1276,127,(\{|\})',(\{|\}),(\{|\}),1
1277,127,fa[lmnop][lmnop][lmnop]',fa[lmnop][lmnop][lmnop],fa[lmnop][lmnop][lmnop],1
1278,127,"((q4f){0,1}ab)'","((q4f){0,1}ab)","((q4f){0,1}ab)",0.8
1279,127,[\D]',[\D],[\D],1
1280,128,[\s]',[\s],[\s],0.8
1281,128,t\.\$+\d+\*',t\.\$+\d+\*,t\.\$+\d+\*,1
1282,128,R+',R+,R+,1
1283,128,t[:;]+p',t[:;]+p,t[:;]+p,0.8
1284,128,"((q4f){0,1}ab)'","((q4f){0,1}ab)","((q4f){0,1}ab)",1
1285,128,fa[lmnop]{3}',fa[lmnop]{3},fa[lmnop]{3},1
1286,128,1q\w\w',1q\w\w,1q\w\w,1
1287,128,[a-f]([0-9]+)[a-f]',[a-f]([0-9]+)[a-f],[a-f]([0-9]+)[a-f],0.6
1288,128,tri[abcdef]3',tri[abcdef]3,tri[abcdef]3,0.8
1289,128,([:;])',([:;]),([:;]),1
1290,129,t[:;]+p',t[:;]+p,t[:;]+p,1
1291,129,1q[A-Za-z0-9_][A-Za-z0-9_]',1q[A-Za-z0-9_][A-Za-z0-9_],1q[A-Za-z0-9_][A-Za-z0-9_],1
1292,129,[\t\r\f\n ]',[\t\r\f\n ],[\t\r\f\n ],1
1293,129,(\d+)\.(\d+)',(\d+)\.(\d+),(\d+)\.(\d+),1
1294,129,%([0-9A-Fa-f]{2})',%([0-9A-Fa-f]{2}),%([0-9A-Fa-f]{2}),1
1295,129,([:;])',([:;]),([:;]),1
1296,129,t[.][$]+\d+[*]',t[.][$]+\d+[*],t[.][$]+\d+[*],1
1297,129,tri[abcdef]3',tri[abcdef]3,tri[abcdef]3,1
1298,129,zaa*',zaa*,zaa*,1
1299,129,"(dee(do){1,2})'","(dee(do){1,2})","(dee(do){1,2})",1
1300,130,no[w-z]5',no[w-z]5,no[w-z]5,1
1301,130,(\d+)\.(\d+)',(\d+)\.(\d+),(\d+)\.(\d+),1
1302,130,\{\$(\d+\.\d)\}',\{\$(\d+\.\d)\},\{\$(\d+\.\d)\},1
1303,130,(\{|\})',(\{|\}),(\{|\}),1
1304,130,(q4fab|ab)',(q4fab|ab),(q4fab|ab),1
1305,130,[\s]',[\s],[\s],1
1306,130,xyz[_\[\]`\^\\]',xyz[_\[\]`\^\\],xyz[_\[\]`\^\\],1
1307,130,fa[lmnop]{3}',fa[lmnop]{3},fa[lmnop]{3},1
1308,130,tuv[A-Za-z0-9_]',tuv[A-Za-z0-9_],tuv[A-Za-z0-9_],1
1309,130,za+',za+,za+,1
1310,131,(\d+)\.(\d+)',(\d+)\.(\d+),(\d+)\.(\d+),1
1311,131,t[\x3a-\x3b]+p',t[\x3a-\x3b]+p,t[\x3a-\x3b]+p,0.3333333333
1312,131,tuv[A-Za-z0-9_]',tuv[A-Za-z0-9_],tuv[A-Za-z0-9_],0.8
1313,131,&d([aeiou][aeiou])z',&d([aeiou][aeiou])z,&d([aeiou][aeiou])z,1
1314,131,za+',za+,za+,0.6
1315,131,no[w-z]5',no[w-z]5,no[w-z]5,0.8
1316,131,((q4f)?ab)',((q4f)?ab),((q4f)?ab),0.6
1317,131,t\.\$+\d+\*',t\.\$+\d+\*,t\.\$+\d+\*,0.8
1318,131,(:|;)',(:|;),(:|;),1
1319,131,[\W_]',[\W_],[\W_],0.4
1320,132,([}{])',([}{]),([}{]),0.4
1321,132,\.+',\.+,\.+,1
1322,132,"(dee(do){1,2})'","(dee(do){1,2})","(dee(do){1,2})",1
1323,132,[\D]',[\D],[\D],0.8
1324,132,&([A-Za-z0-9_]+);',&([A-Za-z0-9_]+);,&([A-Za-z0-9_]+);,1
1325,132,"xg1(\d{1,3})%'","xg1(\d{1,3})%","xg1(\d{1,3})%",1
1326,132,fa[lmnop][lmnop][lmnop]',fa[lmnop][lmnop][lmnop],fa[lmnop][lmnop][lmnop],1
1327,132,no(w|x|y|z)5',no(w|x|y|z)5,no(w|x|y|z)5,1
1328,132,xyz[\0133-\0140]',xyz[\0133-\0140],xyz[\0133-\0140],1
1329,132,[{][$](\d+[.]\d)[}]',[{][$](\d+[.]\d)[}],[{][$](\d+[.]\d)[}],1
1330,133,no[wxyz]5',no[wxyz]5,no[wxyz]5,0.8
1331,133,[\t\r\f\n ]',[\t\r\f\n ],[\t\r\f\n ],0.6
1332,133,xyz[\x5b-\x5f]',xyz[\x5b-\x5f],xyz[\x5b-\x5f],0.6
1333,133,&d([aeiou]{2})z',&d([aeiou]{2})z,&d([aeiou]{2})z,1
1334,133,\..*',\..*,\..*,0.8
1335,133,(q4fab|ab)',(q4fab|ab),(q4fab|ab),1
1336,133,&(\w+);',&(\w+);,&(\w+);,0.75
1337,133,"xg1(\d{1,3})%'","xg1(\d{1,3})%","xg1(\d{1,3})%",0.6
1338,133,(\{|\})',(\{|\}),(\{|\}),0.4
1339,133,[{][$](\d+[.]\d)[}]',[{][$](\d+[.]\d)[}],[{][$](\d+[.]\d)[}],1
1340,134,\..*',\..*,\..*,0.8
1341,134,tri[abcdef]3',tri[abcdef]3,tri[abcdef]3,1
1342,134,&([A-Za-z0-9_]+);',&([A-Za-z0-9_]+);,&([A-Za-z0-9_]+);,1
1343,134,t[.][$]+\d+[*]',t[.][$]+\d+[*],t[.][$]+\d+[*],1
1344,134,(deedo|deedodo)',(deedo|deedodo),(deedo|deedodo),1
1345,134,"xg1(\d{1,3})%'","xg1(\d{1,3})%","xg1(\d{1,3})%",1
1346,134,[^0-9A-Za-z]',[^0-9A-Za-z],[^0-9A-Za-z],1
1347,134,(:|;)',(:|;),(:|;),1
1348,134,fa[lmnop]{3}',fa[lmnop]{3},fa[lmnop]{3},1
1349,134,t[\x3a-\x3b]+p',t[\x3a-\x3b]+p,t[\x3a-\x3b]+p,1
1350,135,([:;])',([:;]),([:;]),0.2
1351,135,xyz[\x5b-\x5f]',xyz[\x5b-\x5f],xyz[\x5b-\x5f],0.6
1352,135,%([0-9a-fA-F][0-9a-fA-F])',%([0-9a-fA-F][0-9a-fA-F]),%([0-9a-fA-F][0-9a-fA-F]),0.6
1353,135,tri(a|b|c|d|e|f)3',tri(a|b|c|d|e|f)3,tri(a|b|c|d|e|f)3,0.4
1354,135,"(dee(do){1,2})'","(dee(do){1,2})","(dee(do){1,2})",0.4
1355,135,R+',R+,R+,1
1356,135,[a-f](\d+)[a-f]',[a-f](\d+)[a-f],[a-f](\d+)[a-f],0.8
1357,135,[\s]',[\s],[\s],0.8
1358,135,&(\w+);',&(\w+);,&(\w+);,0.6
1359,135,([$][{])\d+(:[^}]+[}])',([$][{])\d+(:[^}]+[}]),([$][{])\d+(:[^}]+[}]),0.6
1360,136,&d([aeiou]{2})z',&d([aeiou]{2})z,&d([aeiou]{2})z,1
1361,136,[\t\r\f\n ]',[\t\r\f\n ],[\t\r\f\n ],0.8
1362,136,tuv\w',tuv\w,tuv\w,0.5
1363,136,"(dee(do){1,2})'","(dee(do){1,2})","(dee(do){1,2})",0.6
1364,136,zaa*',zaa*,zaa*,0.6
1365,136,\{\$(\d+\.\d)\}',\{\$(\d+\.\d)\},\{\$(\d+\.\d)\},0.8
1366,136,xyz[_\[\]`\^\\]',xyz[_\[\]`\^\\],xyz[_\[\]`\^\\],0.6
1367,136,"xg1(\d{1,3})%'","xg1(\d{1,3})%","xg1(\d{1,3})%",0.4
1368,136,([:;])',([:;]),([:;]),0.4
1369,136,no[wxyz]5',no[wxyz]5,no[wxyz]5,0.8
1370,137,1q\w\w',1q\w\w,1q\w\w,0.4
1371,137,no[w-z]5',no[w-z]5,no[w-z]5,1
1372,137,([\072\073])',([\072\073]),([\072\073]),0.4
1373,137,&d([aeiou][aeiou])z',&d([aeiou][aeiou])z,&d([aeiou][aeiou])z,1
1374,137,t[.][$]+\d+[*]',t[.][$]+\d+[*],t[.][$]+\d+[*],0.8
1375,137,((q4f)?ab)',((q4f)?ab),((q4f)?ab),0.4
1376,137,"xg1(\d{1,3})%'","xg1(\d{1,3})%","xg1(\d{1,3})%",0.6
1377,137,[^0-9]',[^0-9],[^0-9],0.4
1378,137,\..*',\..*,\..*,0.6
1379,137,xyz[\x5b-\x5f]',xyz[\x5b-\x5f],xyz[\x5b-\x5f],0.6
1380,138,fa[lmnop]{3}',fa[lmnop]{3},fa[lmnop]{3},1
1381,138,[\W_]',[\W_],[\W_],0
1382,138,1q[A-Za-z0-9_][A-Za-z0-9_]',1q[A-Za-z0-9_][A-Za-z0-9_],1q[A-Za-z0-9_][A-Za-z0-9_],1
1383,138,([:;])',([:;]),([:;]),1
1384,138,zaa*',zaa*,zaa*,1
1385,138,t\.\$+\d+\*',t\.\$+\d+\*,t\.\$+\d+\*,1
1386,138,"(dee(do){1,2})'","(dee(do){1,2})","(dee(do){1,2})",1
1387,138,t[:;]+p',t[:;]+p,t[:;]+p,1
1388,138,(\d+)\.(\d+)',(\d+)\.(\d+),(\d+)\.(\d+),1
1389,138,no(w|x|y|z)5',no(w|x|y|z)5,no(w|x|y|z)5,1
1390,139,tri(a|b|c|d|e|f)3',tri(a|b|c|d|e|f)3,tri(a|b|c|d|e|f)3,1
1391,139,t[\x3a-\x3b]+p',t[\x3a-\x3b]+p,t[\x3a-\x3b]+p,1
1392,139,tuv\w',tuv\w,tuv\w,1
1393,139,((q4f)?ab)',((q4f)?ab),((q4f)?ab),0.8
1394,139,(\{|\})',(\{|\}),(\{|\}),1
1395,139,(\$\{)\d+(:[^}]+\})',(\$\{)\d+(:[^}]+\}),(\$\{)\d+(:[^}]+\}),0.8
1396,139,[\D]',[\D],[\D],1
1397,139,%([0-9A-Fa-f]{2})',%([0-9A-Fa-f]{2}),%([0-9A-Fa-f]{2}),1
1398,139,[a-f](\d+)[a-f]',[a-f](\d+)[a-f],[a-f](\d+)[a-f],1
1399,139,R+',R+,R+,1
1400,140,%([0-9a-fA-F][0-9a-fA-F])',%([0-9a-fA-F][0-9a-fA-F]),%([0-9a-fA-F][0-9a-fA-F]),1
1401,140,(deedo(do)?)',(deedo(do)?),(deedo(do)?),1
1402,140,no[w-z]5',no[w-z]5,no[w-z]5,1
1403,140,za+',za+,za+,1
1404,140,"xg1([0-9]{1,3})%'","xg1([0-9]{1,3})%","xg1([0-9]{1,3})%",1
1405,140,&(\w+);',&(\w+);,&(\w+);,1
1406,140,\{\$(\d+\.\d)\}',\{\$(\d+\.\d)\},\{\$(\d+\.\d)\},1
1407,140,t[\072-\073]+p',t[\072-\073]+p,t[\072-\073]+p,1
1408,140,[^0-9]',[^0-9],[^0-9],1
1409,140,(:|;)',(:|;),(:|;),1
1410,141,&(\w+);',&(\w+);,&(\w+);,0.75
1411,141,[^0-9A-Za-z]',[^0-9A-Za-z],[^0-9A-Za-z],0
1412,141,(\$\{)\d+(:[^}]+\})',(\$\{)\d+(:[^}]+\}),(\$\{)\d+(:[^}]+\}),0.8
1413,141,"xg1([0-9]{1,3})%'","xg1([0-9]{1,3})%","xg1([0-9]{1,3})%",1
1414,141,((q4f)?ab)',((q4f)?ab),((q4f)?ab),1
1415,141,RR*',RR*,RR*,0.6
1416,141,([:;])',([:;]),([:;]),1
1417,141,tri[abcdef]3',tri[abcdef]3,tri[abcdef]3,1
1418,141,xyz[_\[\]`\^\\]',xyz[_\[\]`\^\\],xyz[_\[\]`\^\\],1
1419,141,%([0-9A-Fa-f]{2})',%([0-9A-Fa-f]{2}),%([0-9A-Fa-f]{2}),1
1420,142,(q4fab|ab)',(q4fab|ab),(q4fab|ab),0.6
1421,142,([$][{])\d+(:[^}]+[}])',([$][{])\d+(:[^}]+[}]),([$][{])\d+(:[^}]+[}]),NA
1422,142,no(w|x|y|z)5',no(w|x|y|z)5,no(w|x|y|z)5,0.75
1423,142,([:;])',([:;]),([:;]),1
1424,142,xyz[_\[\]`\^\\]',xyz[_\[\]`\^\\],xyz[_\[\]`\^\\],1
1425,142,&([A-Za-z0-9_]+);',&([A-Za-z0-9_]+);,&([A-Za-z0-9_]+);,NA
1426,142,[\s]',[\s],[\s],1
1427,142,%([0-9A-Fa-f]{2})',%([0-9A-Fa-f]{2}),%([0-9A-Fa-f]{2}),0.6
1428,142,"xg1(\d{1,3})%'","xg1(\d{1,3})%","xg1(\d{1,3})%",1
1429,142,\..*',\..*,\..*,0.6
1430,143,(q4fab|ab)',(q4fab|ab),(q4fab|ab),0.6
1431,143,([\0175\0173])',([\0175\0173]),([\0175\0173]),0.4
1432,143,1q[A-Za-z0-9_][A-Za-z0-9_]',1q[A-Za-z0-9_][A-Za-z0-9_],1q[A-Za-z0-9_][A-Za-z0-9_],1
1433,143,[\D]',[\D],[\D],1
1434,143,[{][$](\d+[.]\d)[}]',[{][$](\d+[.]\d)[}],[{][$](\d+[.]\d)[}],0.8
1435,143,fa[lmnop]{3}',fa[lmnop]{3},fa[lmnop]{3},1
1436,143,[a-f]([0-9]+)[a-f]',[a-f]([0-9]+)[a-f],[a-f]([0-9]+)[a-f],1
1437,143,no(w|x|y|z)5',no(w|x|y|z)5,no(w|x|y|z)5,1
1438,143,R+',R+,R+,1
1439,143,xyz[\0133-\0140]',xyz[\0133-\0140],xyz[\0133-\0140],0.6
1440,144,[^0-9]',[^0-9],[^0-9],1
1441,144,([:;])',([:;]),([:;]),0.8
1442,144,&d([aeiou]{2})z',&d([aeiou]{2})z,&d([aeiou]{2})z,1
1443,144,za+',za+,za+,1
1444,144,([$][{])\d+(:[^}]+[}])',([$][{])\d+(:[^}]+[}]),([$][{])\d+(:[^}]+[}]),1
1445,144,tri[abcdef]3',tri[abcdef]3,tri[abcdef]3,1
1446,144,(\d+)\.(\d+)',(\d+)\.(\d+),(\d+)\.(\d+),1
1447,144,1q\w\w',1q\w\w,1q\w\w,0.8
1448,144,xyz[\x5b-\x5f]',xyz[\x5b-\x5f],xyz[\x5b-\x5f],1
1449,144,((q4f)?ab)',((q4f)?ab),((q4f)?ab),1
1450,145,([:;])',([:;]),([:;]),1
1451,145,t[.][$]+\d+[*]',t[.][$]+\d+[*],t[.][$]+\d+[*],0.8
1452,145,"((q4f){0,1}ab)'","((q4f){0,1}ab)","((q4f){0,1}ab)",1
1453,145,([0-9]+)\.([0-9]+)',([0-9]+)\.([0-9]+),([0-9]+)\.([0-9]+),0.8
1454,145,xyz[_\[\]`\^\\]',xyz[_\[\]`\^\\],xyz[_\[\]`\^\\],0.6
1455,145,%([0-9A-Fa-f]{2})',%([0-9A-Fa-f]{2}),%([0-9A-Fa-f]{2}),0.3333333333
1456,145,tuv\w',tuv\w,tuv\w,0.8
1457,145,[\W_]',[\W_],[\W_],0
1458,145,no[w-z]5',no[w-z]5,no[w-z]5,0.8
1459,145,zaa*',zaa*,zaa*,0.8
1460,146,[^0-9]',[^0-9],[^0-9],0.75
1461,146,(\d+)\.(\d+)',(\d+)\.(\d+),(\d+)\.(\d+),1
1462,146,[{][$](\d+[.]\d)[}]',[{][$](\d+[.]\d)[}],[{][$](\d+[.]\d)[}],1
1463,146,xyz[\x5b-\x5f]',xyz[\x5b-\x5f],xyz[\x5b-\x5f],1
1464,146,(\{|\})',(\{|\}),(\{|\}),1
1465,146,R+',R+,R+,1
1466,146,1q\w\w',1q\w\w,1q\w\w,0.6
1467,146,&d([aeiou]{2})z',&d([aeiou]{2})z,&d([aeiou]{2})z,1
1468,146,(q4fab|ab)',(q4fab|ab),(q4fab|ab),1
1469,146,tri[a-f]3',tri[a-f]3,tri[a-f]3,1
1470,147,zaa*',zaa*,zaa*,0.6
1471,147,[^0-9A-Za-z]',[^0-9A-Za-z],[^0-9A-Za-z],0
1472,147,((q4f)?ab)',((q4f)?ab),((q4f)?ab),0.8
1473,147,tuv[A-Za-z0-9_]',tuv[A-Za-z0-9_],tuv[A-Za-z0-9_],0.6
1474,147,[a-f](\d+)[a-f]',[a-f](\d+)[a-f],[a-f](\d+)[a-f],0.6
1475,147,t\.\$+\d+\*',t\.\$+\d+\*,t\.\$+\d+\*,0.75
1476,147,xyz[\x5b-\x5f]',xyz[\x5b-\x5f],xyz[\x5b-\x5f],0.4
1477,147,%([0-9A-Fa-f]{2})',%([0-9A-Fa-f]{2}),%([0-9A-Fa-f]{2}),0.6
1478,147,([\0175\0173])',([\0175\0173]),([\0175\0173]),0.4
1479,147,tri[abcdef]3',tri[abcdef]3,tri[abcdef]3,1
1480,148,([}{])',([}{]),([}{]),1
1481,148,tri(a|b|c|d|e|f)3',tri(a|b|c|d|e|f)3,tri(a|b|c|d|e|f)3,1
1482,148,[^0-9A-Za-z]',[^0-9A-Za-z],[^0-9A-Za-z],1
1483,148,t\.\$+\d+\*',t\.\$+\d+\*,t\.\$+\d+\*,1
1484,148,t[\x3a-\x3b]+p',t[\x3a-\x3b]+p,t[\x3a-\x3b]+p,1
1485,148,\..*',\..*,\..*,1
1486,148,&d([aeiou]{2})z',&d([aeiou]{2})z,&d([aeiou]{2})z,1
1487,148,(\d+)\.(\d+)',(\d+)\.(\d+),(\d+)\.(\d+),1
1488,148,1q[A-Za-z0-9_][A-Za-z0-9_]',1q[A-Za-z0-9_][A-Za-z0-9_],1q[A-Za-z0-9_][A-Za-z0-9_],1
1489,148,(deedo|deedodo)',(deedo|deedodo),(deedo|deedodo),1
1490,149,tri[abcdef]3',tri[abcdef]3,tri[abcdef]3,1
1491,149,[a-f]([0-9]+)[a-f]',[a-f]([0-9]+)[a-f],[a-f]([0-9]+)[a-f],1
1492,149,[\s]',[\s],[\s],1
1493,149,1q\w\w',1q\w\w,1q\w\w,1
1494,149,\.+',\.+,\.+,1
1495,149,&d([aeiou][aeiou])z',&d([aeiou][aeiou])z,&d([aeiou][aeiou])z,1
1496,149,\{\$(\d+\.\d)\}',\{\$(\d+\.\d)\},\{\$(\d+\.\d)\},1
1497,149,t[\x3a-\x3b]+p',t[\x3a-\x3b]+p,t[\x3a-\x3b]+p,1
1498,149,([\0175\0173])',([\0175\0173]),([\0175\0173]),NA
1499,149,(deedo|deedodo)',(deedo|deedodo),(deedo|deedodo),1
1500,150,1q\w\w',1q\w\w,1q\w\w,1
1501,150,no(w|x|y|z)5',no(w|x|y|z)5,no(w|x|y|z)5,1
1502,150,\.+',\.+,\.+,1
1503,150,[\t\r\f\n ]',[\t\r\f\n ],[\t\r\f\n ],0.6
1504,150,\{\$(\d+\.\d)\}',\{\$(\d+\.\d)\},\{\$(\d+\.\d)\},1
1505,150,%([0-9a-fA-F][0-9a-fA-F])',%([0-9a-fA-F][0-9a-fA-F]),%([0-9a-fA-F][0-9a-fA-F]),1
1506,150,t[\072-\073]+p',t[\072-\073]+p,t[\072-\073]+p,1
1507,150,([0-9]+)\.([0-9]+)',([0-9]+)\.([0-9]+),([0-9]+)\.([0-9]+),1
1508,150,([}{])',([}{]),([}{]),0.8
1509,150,"((q4f){0,1}ab)'","((q4f){0,1}ab)","((q4f){0,1}ab)",1
1510,151,([:;])',([:;]),([:;]),1
1511,151,"(dee(do){1,2})'","(dee(do){1,2})","(dee(do){1,2})",1
1512,151,no[wxyz]5',no[wxyz]5,no[wxyz]5,1
1513,151,t[\072-\073]+p',t[\072-\073]+p,t[\072-\073]+p,1
1514,151,(\$\{)\d+(:[^}]+\})',(\$\{)\d+(:[^}]+\}),(\$\{)\d+(:[^}]+\}),1
1515,151,1q[A-Za-z0-9_][A-Za-z0-9_]',1q[A-Za-z0-9_][A-Za-z0-9_],1q[A-Za-z0-9_][A-Za-z0-9_],1
1516,151,"xg1(\d{1,3})%'","xg1(\d{1,3})%","xg1(\d{1,3})%",0.8
1517,151,&d([aeiou]{2})z',&d([aeiou]{2})z,&d([aeiou]{2})z,1
1518,151,[\D]',[\D],[\D],1
1519,151,R+',R+,R+,1
1520,152,"((q4f){0,1}ab)'","((q4f){0,1}ab)","((q4f){0,1}ab)",0.8
1521,152,tuv[A-Za-z0-9_]',tuv[A-Za-z0-9_],tuv[A-Za-z0-9_],1
1522,152,xyz[\0133-\0140]',xyz[\0133-\0140],xyz[\0133-\0140],0.6
1523,152,t[.][$]+\d+[*]',t[.][$]+\d+[*],t[.][$]+\d+[*],0.8
1524,152,([\0175\0173])',([\0175\0173]),([\0175\0173]),0.5
1525,152,[\W_]',[\W_],[\W_],1
1526,152,%([0-9A-Fa-f]{2})',%([0-9A-Fa-f]{2}),%([0-9A-Fa-f]{2}),1
1527,152,\.+',\.+,\.+,0.6
1528,152,tri[abcdef]3',tri[abcdef]3,tri[abcdef]3,0.8
1529,152,[a-f]([0-9]+)[a-f]',[a-f]([0-9]+)[a-f],[a-f]([0-9]+)[a-f],1
1530,153,1q[A-Za-z0-9_][A-Za-z0-9_]',1q[A-Za-z0-9_][A-Za-z0-9_],1q[A-Za-z0-9_][A-Za-z0-9_],1
1531,153,"xg1(\d{1,3})%'","xg1(\d{1,3})%","xg1(\d{1,3})%",1
1532,153,t\.\$+\d+\*',t\.\$+\d+\*,t\.\$+\d+\*,1
1533,153,([}{])',([}{]),([}{]),0.8
1534,153,RR*',RR*,RR*,1
1535,153,%([0-9A-Fa-f]{2})',%([0-9A-Fa-f]{2}),%([0-9A-Fa-f]{2}),1
1536,153,no(w|x|y|z)5',no(w|x|y|z)5,no(w|x|y|z)5,1
1537,153,t[\072-\073]+p',t[\072-\073]+p,t[\072-\073]+p,1
1538,153,"(dee(do){1,2})'","(dee(do){1,2})","(dee(do){1,2})",1
1539,153,[^0-9]',[^0-9],[^0-9],1
1540,154,(q4fab|ab)',(q4fab|ab),(q4fab|ab),0.75
1541,154,&d([aeiou]{2})z',&d([aeiou]{2})z,&d([aeiou]{2})z,0.3333333333
1542,154,([:;])',([:;]),([:;]),0.6
1543,154,t[:;]+p',t[:;]+p,t[:;]+p,0.5
1544,154,\.+',\.+,\.+,1
1545,154,[a-f](\d+)[a-f]',[a-f](\d+)[a-f],[a-f](\d+)[a-f],0.4
1546,154,(\$\{)\d+(:[^}]+\})',(\$\{)\d+(:[^}]+\}),(\$\{)\d+(:[^}]+\}),0.4
1547,154,no[wxyz]5',no[wxyz]5,no[wxyz]5,0.4
1548,154,1q\w\w',1q\w\w,1q\w\w,0.25
1549,154,[^0-9A-Za-z]',[^0-9A-Za-z],[^0-9A-Za-z],0.2
1550,155,fa[lmnop]{3}',fa[lmnop]{3},fa[lmnop]{3},1
1551,155,R+',R+,R+,1
1552,155,t[.][$]+\d+[*]',t[.][$]+\d+[*],t[.][$]+\d+[*],1
1553,155,[\s]',[\s],[\s],1
1554,155,tuv[A-Za-z0-9_]',tuv[A-Za-z0-9_],tuv[A-Za-z0-9_],1
1555,155,(:|;)',(:|;),(:|;),1
1556,155,"xg1([0-9]{1,3})%'","xg1([0-9]{1,3})%","xg1([0-9]{1,3})%",1
1557,155,(deedo(do)?)',(deedo(do)?),(deedo(do)?),0.8
1558,155,t[:;]+p',t[:;]+p,t[:;]+p,1
1559,155,tri[a-f]3',tri[a-f]3,tri[a-f]3,1
1560,156,((q4f)?ab)',((q4f)?ab),((q4f)?ab),1
1561,156,([$][{])\d+(:[^}]+[}])',([$][{])\d+(:[^}]+[}]),([$][{])\d+(:[^}]+[}]),0.75
1562,156,([}{])',([}{]),([}{]),1
1563,156,%([0-9A-Fa-f]{2})',%([0-9A-Fa-f]{2}),%([0-9A-Fa-f]{2}),0.6
1564,156,no[w-z]5',no[w-z]5,no[w-z]5,1
1565,156,\.+',\.+,\.+,1
1566,156,[\D]',[\D],[\D],1
1567,156,&(\w+);',&(\w+);,&(\w+);,0.8
1568,156,t[\072-\073]+p',t[\072-\073]+p,t[\072-\073]+p,1
1569,156,([0-9]+)\.([0-9]+)',([0-9]+)\.([0-9]+),([0-9]+)\.([0-9]+),1
1570,157,tri[a-f]3',tri[a-f]3,tri[a-f]3,1
1571,157,xyz[\x5b-\x5f]',xyz[\x5b-\x5f],xyz[\x5b-\x5f],0.8
1572,157,(\{|\})',(\{|\}),(\{|\}),1
1573,157,[{][$](\d+[.]\d)[}]',[{][$](\d+[.]\d)[}],[{][$](\d+[.]\d)[}],0.8
1574,157,(deedo|deedodo)',(deedo|deedodo),(deedo|deedodo),1
1575,157,%([0-9A-Fa-f]{2})',%([0-9A-Fa-f]{2}),%([0-9A-Fa-f]{2}),0.8
1576,157,[\t\r\f\n ]',[\t\r\f\n ],[\t\r\f\n ],1
1577,157,[a-f](\d+)[a-f]',[a-f](\d+)[a-f],[a-f](\d+)[a-f],1
1578,157,R+',R+,R+,1
1579,157,1q[A-Za-z0-9_][A-Za-z0-9_]',1q[A-Za-z0-9_][A-Za-z0-9_],1q[A-Za-z0-9_][A-Za-z0-9_],1
1580,158,"((q4f){0,1}ab)'","((q4f){0,1}ab)","((q4f){0,1}ab)",0.8
1581,158,zaa*',zaa*,zaa*,1
1582,158,(\{|\})',(\{|\}),(\{|\}),1
1583,158,t[.][$]+\d+[*]',t[.][$]+\d+[*],t[.][$]+\d+[*],1
1584,158,[\D]',[\D],[\D],0.4
1585,158,xyz[_\[\]`\^\\]',xyz[_\[\]`\^\\],xyz[_\[\]`\^\\],0.8
1586,158,[a-f]([0-9]+)[a-f]',[a-f]([0-9]+)[a-f],[a-f]([0-9]+)[a-f],1
1587,158,tri(a|b|c|d|e|f)3',tri(a|b|c|d|e|f)3,tri(a|b|c|d|e|f)3,1
1588,158,fa[lmnop][lmnop][lmnop]',fa[lmnop][lmnop][lmnop],fa[lmnop][lmnop][lmnop],1
1589,158,1q\w\w',1q\w\w,1q\w\w,0.6
1590,159,1q[A-Za-z0-9_][A-Za-z0-9_]',1q[A-Za-z0-9_][A-Za-z0-9_],1q[A-Za-z0-9_][A-Za-z0-9_],0.6
1591,159,R+',R+,R+,0.4
1592,159,t[\x3a-\x3b]+p',t[\x3a-\x3b]+p,t[\x3a-\x3b]+p,1
1593,159,(deedo(do)?)',(deedo(do)?),(deedo(do)?),0.4
1594,159,tri[a-f]3',tri[a-f]3,tri[a-f]3,1
1595,159,&d([aeiou]{2})z',&d([aeiou]{2})z,&d([aeiou]{2})z,1
1596,159,[\W_]',[\W_],[\W_],0.6
1597,159,(\{|\})',(\{|\}),(\{|\}),0.4
1598,159,"xg1(\d{1,3})%'","xg1(\d{1,3})%","xg1(\d{1,3})%",0.6
1599,159,t\.\$+\d+\*',t\.\$+\d+\*,t\.\$+\d+\*,0.8
1600,160,"((q4f){0,1}ab)'","((q4f){0,1}ab)","((q4f){0,1}ab)",1
1601,160,"xg1(\d{1,3})%'","xg1(\d{1,3})%","xg1(\d{1,3})%",1
1602,160,&([A-Za-z0-9_]+);',&([A-Za-z0-9_]+);,&([A-Za-z0-9_]+);,1
1603,160,%([0-9a-fA-F][0-9a-fA-F])',%([0-9a-fA-F][0-9a-fA-F]),%([0-9a-fA-F][0-9a-fA-F]),0.8
1604,160,no[w-z]5',no[w-z]5,no[w-z]5,0.6
1605,160,[^0-9]',[^0-9],[^0-9],1
1606,160,(\$\{)\d+(:[^}]+\})',(\$\{)\d+(:[^}]+\}),(\$\{)\d+(:[^}]+\}),1
1607,160,([:;])',([:;]),([:;]),1
1608,160,xyz[\x5b-\x5f]',xyz[\x5b-\x5f],xyz[\x5b-\x5f],1
1609,160,za+',za+,za+,1
1610,161,1q[A-Za-z0-9_][A-Za-z0-9_]',1q[A-Za-z0-9_][A-Za-z0-9_],1q[A-Za-z0-9_][A-Za-z0-9_],0.8
1611,161,fa[lmnop][lmnop][lmnop]',fa[lmnop][lmnop][lmnop],fa[lmnop][lmnop][lmnop],0.8
1612,161,\..*',\..*,\..*,1
1613,161,no(w|x|y|z)5',no(w|x|y|z)5,no(w|x|y|z)5,1
1614,161,\{\$(\d+\.\d)\}',\{\$(\d+\.\d)\},\{\$(\d+\.\d)\},1
1615,161,"(dee(do){1,2})'","(dee(do){1,2})","(dee(do){1,2})",1
1616,161,(\d+)\.(\d+)',(\d+)\.(\d+),(\d+)\.(\d+),1
1617,161,[^0-9]',[^0-9],[^0-9],0
1618,161,xyz[\0133-\0140]',xyz[\0133-\0140],xyz[\0133-\0140],0.8
1619,161,([:;])',([:;]),([:;]),1
1620,162,1q\w\w',1q\w\w,1q\w\w,0.6
1621,162,(q4fab|ab)',(q4fab|ab),(q4fab|ab),0.2
1622,162,[\W_]',[\W_],[\W_],1
1623,162,[{][$](\d+[.]\d)[}]',[{][$](\d+[.]\d)[}],[{][$](\d+[.]\d)[}],0.8
1624,162,no(w|x|y|z)5',no(w|x|y|z)5,no(w|x|y|z)5,0.8
1625,162,\..*',\..*,\..*,1
1626,162,"xg1(\d{1,3})%'","xg1(\d{1,3})%","xg1(\d{1,3})%",0.6
1627,162,t[\072-\073]+p',t[\072-\073]+p,t[\072-\073]+p,0
1628,162,([\072\073])',([\072\073]),([\072\073]),0.25
1629,162,&d([aeiou]{2})z',&d([aeiou]{2})z,&d([aeiou]{2})z,1
1630,163,%([0-9A-Fa-f]{2})',%([0-9A-Fa-f]{2}),%([0-9A-Fa-f]{2}),0.6
1631,163,tri[abcdef]3',tri[abcdef]3,tri[abcdef]3,0.8
1632,163,(\$\{)\d+(:[^}]+\})',(\$\{)\d+(:[^}]+\}),(\$\{)\d+(:[^}]+\}),0.6
1633,163,([}{])',([}{]),([}{]),0.4
1634,163,1q\w\w',1q\w\w,1q\w\w,0.6
1635,163,"xg1([0-9]{1,3})%'","xg1([0-9]{1,3})%","xg1([0-9]{1,3})%",0.6
1636,163,za+',za+,za+,1
1637,163,xyz[\0133-\0140]',xyz[\0133-\0140],xyz[\0133-\0140],0.4
1638,163,"(dee(do){1,2})'","(dee(do){1,2})","(dee(do){1,2})",1
1639,163,[\W_]',[\W_],[\W_],0.6
1640,164,RR*',RR*,RR*,0.6
1641,164,[a-f](\d+)[a-f]',[a-f](\d+)[a-f],[a-f](\d+)[a-f],0.8
1642,164,t[\072-\073]+p',t[\072-\073]+p,t[\072-\073]+p,1
1643,164,fa[lmnop][lmnop][lmnop]',fa[lmnop][lmnop][lmnop],fa[lmnop][lmnop][lmnop],0.4
1644,164,no[w-z]5',no[w-z]5,no[w-z]5,1
1645,164,([\0175\0173])',([\0175\0173]),([\0175\0173]),0.6
1646,164,1q\w\w',1q\w\w,1q\w\w,0.4
1647,164,(deedo|deedodo)',(deedo|deedodo),(deedo|deedodo),0.6
1648,164,t[.][$]+\d+[*]',t[.][$]+\d+[*],t[.][$]+\d+[*],0.8
1649,164,[^0-9A-Za-z]',[^0-9A-Za-z],[^0-9A-Za-z],0
1650,165,no(w|x|y|z)5',no(w|x|y|z)5,no(w|x|y|z)5,0.8
1651,165,&d([aeiou]{2})z',&d([aeiou]{2})z,&d([aeiou]{2})z,1
1652,165,[^0-9]',[^0-9],[^0-9],0
1653,165,((q4f)?ab)',((q4f)?ab),((q4f)?ab),0.6
1654,165,t[:;]+p',t[:;]+p,t[:;]+p,1
1655,165,"xg1([0-9]{1,3})%'","xg1([0-9]{1,3})%","xg1([0-9]{1,3})%",0.8
1656,165,tuv[A-Za-z0-9_]',tuv[A-Za-z0-9_],tuv[A-Za-z0-9_],0.5
1657,165,(\$\{)\d+(:[^}]+\})',(\$\{)\d+(:[^}]+\}),(\$\{)\d+(:[^}]+\}),NA
1658,165,\.+',\.+,\.+,0.8
1659,165,([:;])',([:;]),([:;]),NA
1660,166,[^0-9]',[^0-9],[^0-9],1
1661,166,no[w-z]5',no[w-z]5,no[w-z]5,1
1662,166,[a-f](\d+)[a-f]',[a-f](\d+)[a-f],[a-f](\d+)[a-f],1
1663,166,1q[A-Za-z0-9_][A-Za-z0-9_]',1q[A-Za-z0-9_][A-Za-z0-9_],1q[A-Za-z0-9_][A-Za-z0-9_],1
1664,166,xyz[\x5b-\x5f]',xyz[\x5b-\x5f],xyz[\x5b-\x5f],1
1665,166,t[.][$]+\d+[*]',t[.][$]+\d+[*],t[.][$]+\d+[*],1
1666,166,((q4f)?ab)',((q4f)?ab),((q4f)?ab),1
1667,166,%([0-9a-fA-F][0-9a-fA-F])',%([0-9a-fA-F][0-9a-fA-F]),%([0-9a-fA-F][0-9a-fA-F]),0.8
1668,166,(:|;)',(:|;),(:|;),1
1669,166,\..*',\..*,\..*,0.8
1670,167,"xg1(\d{1,3})%'","xg1(\d{1,3})%","xg1(\d{1,3})%",0.6
1671,167,"(dee(do){1,2})'","(dee(do){1,2})","(dee(do){1,2})",1
1672,167,\.+',\.+,\.+,1
1673,167,([$][{])\d+(:[^}]+[}])',([$][{])\d+(:[^}]+[}]),([$][{])\d+(:[^}]+[}]),1
1674,167,tri(a|b|c|d|e|f)3',tri(a|b|c|d|e|f)3,tri(a|b|c|d|e|f)3,0.8
1675,167,[\W_]',[\W_],[\W_],1
1676,167,([\0175\0173])',([\0175\0173]),([\0175\0173]),0.8
1677,167,xyz[_\[\]`\^\\]',xyz[_\[\]`\^\\],xyz[_\[\]`\^\\],1
1678,167,1q\w\w',1q\w\w,1q\w\w,1
1679,167,%([0-9A-Fa-f]{2})',%([0-9A-Fa-f]{2}),%([0-9A-Fa-f]{2}),0.8
1680,168,za+',za+,za+,0.8
1681,168,%([0-9A-Fa-f]{2})',%([0-9A-Fa-f]{2}),%([0-9A-Fa-f]{2}),0.6
1682,168,([\072\073])',([\072\073]),([\072\073]),NA
1683,168,(q4fab|ab)',(q4fab|ab),(q4fab|ab),1
1684,168,[\t\r\f\n ]',[\t\r\f\n ],[\t\r\f\n ],1
1685,168,no[w-z]5',no[w-z]5,no[w-z]5,1
1686,168,t[.][$]+\d+[*]',t[.][$]+\d+[*],t[.][$]+\d+[*],1
1687,168,1q[A-Za-z0-9_][A-Za-z0-9_]',1q[A-Za-z0-9_][A-Za-z0-9_],1q[A-Za-z0-9_][A-Za-z0-9_],1
1688,168,t[\x3a-\x3b]+p',t[\x3a-\x3b]+p,t[\x3a-\x3b]+p,1
1689,168,[a-f](\d+)[a-f]',[a-f](\d+)[a-f],[a-f](\d+)[a-f],0.8
1690,169,xyz[\0133-\0140]',xyz[\0133-\0140],xyz[\0133-\0140],0.8
1691,169,no[wxyz]5',no[wxyz]5,no[wxyz]5,0.8
1692,169,"(dee(do){1,2})'","(dee(do){1,2})","(dee(do){1,2})",1
1693,169,(\d+)\.(\d+)',(\d+)\.(\d+),(\d+)\.(\d+),1
1694,169,\{\$(\d+\.\d)\}',\{\$(\d+\.\d)\},\{\$(\d+\.\d)\},1
1695,169,zaa*',zaa*,zaa*,0.6
1696,169,fa[lmnop]{3}',fa[lmnop]{3},fa[lmnop]{3},1
1697,169,tuv[A-Za-z0-9_]',tuv[A-Za-z0-9_],tuv[A-Za-z0-9_],1
1698,169,[\s]',[\s],[\s],1
1699,169,([\072\073])',([\072\073]),([\072\073]),0.2
1700,170,"xg1(\d{1,3})%'","xg1(\d{1,3})%","xg1(\d{1,3})%",1
1701,170,"(dee(do){1,2})'","(dee(do){1,2})","(dee(do){1,2})",1
1702,170,[\t\r\f\n ]',[\t\r\f\n ],[\t\r\f\n ],1
1703,170,%([0-9a-fA-F][0-9a-fA-F])',%([0-9a-fA-F][0-9a-fA-F]),%([0-9a-fA-F][0-9a-fA-F]),1
1704,170,tri[a-f]3',tri[a-f]3,tri[a-f]3,1
1705,170,\{\$(\d+\.\d)\}',\{\$(\d+\.\d)\},\{\$(\d+\.\d)\},1
1706,170,tuv\w',tuv\w,tuv\w,1
1707,170,xyz[\0133-\0140]',xyz[\0133-\0140],xyz[\0133-\0140],NA
1708,170,([\0175\0173])',([\0175\0173]),([\0175\0173]),0.4
1709,170,\.+',\.+,\.+,1
1710,171,&([A-Za-z0-9_]+);',&([A-Za-z0-9_]+);,&([A-Za-z0-9_]+);,0.8
1711,171,((q4f)?ab)',((q4f)?ab),((q4f)?ab),1
1712,171,tri[abcdef]3',tri[abcdef]3,tri[abcdef]3,1
1713,171,[\W_]',[\W_],[\W_],0.4
1714,171,xyz[_\[\]`\^\\]',xyz[_\[\]`\^\\],xyz[_\[\]`\^\\],0.6
1715,171,(\d+)\.(\d+)',(\d+)\.(\d+),(\d+)\.(\d+),1
1716,171,(:|;)',(:|;),(:|;),1
1717,171,&d([aeiou][aeiou])z',&d([aeiou][aeiou])z,&d([aeiou][aeiou])z,1
1718,171,RR*',RR*,RR*,1
1719,171,\{\$(\d+\.\d)\}',\{\$(\d+\.\d)\},\{\$(\d+\.\d)\},1
1720,172,zaa*',zaa*,zaa*,1
1721,172,tri(a|b|c|d|e|f)3',tri(a|b|c|d|e|f)3,tri(a|b|c|d|e|f)3,1
1722,172,[\W_]',[\W_],[\W_],0.4
1723,172,t[.][$]+\d+[*]',t[.][$]+\d+[*],t[.][$]+\d+[*],1
1724,172,([0-9]+)\.([0-9]+)',([0-9]+)\.([0-9]+),([0-9]+)\.([0-9]+),1
1725,172,tuv[A-Za-z0-9_]',tuv[A-Za-z0-9_],tuv[A-Za-z0-9_],1
1726,172,t[:;]+p',t[:;]+p,t[:;]+p,1
1727,172,"((q4f){0,1}ab)'","((q4f){0,1}ab)","((q4f){0,1}ab)",1
1728,172,(:|;)',(:|;),(:|;),1
1729,172,&d([aeiou][aeiou])z',&d([aeiou][aeiou])z,&d([aeiou][aeiou])z,1
1730,173,RR*',RR*,RR*,1
1731,173,[^0-9]',[^0-9],[^0-9],0.4
1732,173,fa[lmnop]{3}',fa[lmnop]{3},fa[lmnop]{3},0.6
1733,173,(\{|\})',(\{|\}),(\{|\}),1
1734,173,\{\$(\d+\.\d)\}',\{\$(\d+\.\d)\},\{\$(\d+\.\d)\},0.8
1735,173,1q\w\w',1q\w\w,1q\w\w,0.5
1736,173,t[\x3a-\x3b]+p',t[\x3a-\x3b]+p,t[\x3a-\x3b]+p,1
1737,173,"(dee(do){1,2})'","(dee(do){1,2})","(dee(do){1,2})",1
1738,173,tri[a-f]3',tri[a-f]3,tri[a-f]3,0.8
1739,173,[a-f]([0-9]+)[a-f]',[a-f]([0-9]+)[a-f],[a-f]([0-9]+)[a-f],0.8
1740,174,([\0175\0173])',([\0175\0173]),([\0175\0173]),0.4
1741,174,no[w-z]5',no[w-z]5,no[w-z]5,1
1742,174,&(\w+);',&(\w+);,&(\w+);,1
1743,174,R+',R+,R+,1
1744,174,xyz[_\[\]`\^\\]',xyz[_\[\]`\^\\],xyz[_\[\]`\^\\],1
1745,174,([0-9]+)\.([0-9]+)',([0-9]+)\.([0-9]+),([0-9]+)\.([0-9]+),1
1746,174,(deedo(do)?)',(deedo(do)?),(deedo(do)?),1
1747,174,fa[lmnop]{3}',fa[lmnop]{3},fa[lmnop]{3},1
1748,174,[^0-9A-Za-z]',[^0-9A-Za-z],[^0-9A-Za-z],1
1749,174,(\$\{)\d+(:[^}]+\})',(\$\{)\d+(:[^}]+\}),(\$\{)\d+(:[^}]+\}),1
1750,175,xyz[\0133-\0140]',xyz[\0133-\0140],xyz[\0133-\0140],1
1751,175,tri[a-f]3',tri[a-f]3,tri[a-f]3,1
1752,175,[^0-9]',[^0-9],[^0-9],1
1753,175,\..*',\..*,\..*,1
1754,175,&(\w+);',&(\w+);,&(\w+);,0.8
1755,175,([0-9]+)\.([0-9]+)',([0-9]+)\.([0-9]+),([0-9]+)\.([0-9]+),1
1756,175,%([0-9a-fA-F][0-9a-fA-F])',%([0-9a-fA-F][0-9a-fA-F]),%([0-9a-fA-F][0-9a-fA-F]),0.8
1757,175,([\072\073])',([\072\073]),([\072\073]),1
1758,175,\{\$(\d+\.\d)\}',\{\$(\d+\.\d)\},\{\$(\d+\.\d)\},1
1759,175,(deedo|deedodo)',(deedo|deedodo),(deedo|deedodo),0.8
1760,176,%([0-9A-Fa-f]{2})',%([0-9A-Fa-f]{2}),%([0-9A-Fa-f]{2}),1
1761,176,no[wxyz]5',no[wxyz]5,no[wxyz]5,1
1762,176,(q4fab|ab)',(q4fab|ab),(q4fab|ab),1
1763,176,t[:;]+p',t[:;]+p,t[:;]+p,1
1764,176,1q[A-Za-z0-9_][A-Za-z0-9_]',1q[A-Za-z0-9_][A-Za-z0-9_],1q[A-Za-z0-9_][A-Za-z0-9_],1
1765,176,[\s]',[\s],[\s],1
1766,176,([0-9]+)\.([0-9]+)',([0-9]+)\.([0-9]+),([0-9]+)\.([0-9]+),1
1767,176,zaa*',zaa*,zaa*,1
1768,176,(:|;)',(:|;),(:|;),1
1769,176,([$][{])\d+(:[^}]+[}])',([$][{])\d+(:[^}]+[}]),([$][{])\d+(:[^}]+[}]),1
1770,177,t[:;]+p',t[:;]+p,t[:;]+p,1
1771,177,(q4fab|ab)',(q4fab|ab),(q4fab|ab),0.8
1772,177,RR*',RR*,RR*,1
1773,177,([\072\073])',([\072\073]),([\072\073]),NA
1774,177,no[wxyz]5',no[wxyz]5,no[wxyz]5,1
1775,177,[a-f](\d+)[a-f]',[a-f](\d+)[a-f],[a-f](\d+)[a-f],0.8
1776,177,&d([aeiou][aeiou])z',&d([aeiou][aeiou])z,&d([aeiou][aeiou])z,1
1777,177,[\W_]',[\W_],[\W_],1
1778,177,&([A-Za-z0-9_]+);',&([A-Za-z0-9_]+);,&([A-Za-z0-9_]+);,0.8
1779,177,\{\$(\d+\.\d)\}',\{\$(\d+\.\d)\},\{\$(\d+\.\d)\},1
1780,178,\.+',\.+,\.+,1
1781,178,[\W_]',[\W_],[\W_],1
1782,178,xyz[\x5b-\x5f]',xyz[\x5b-\x5f],xyz[\x5b-\x5f],1
1783,178,((q4f)?ab)',((q4f)?ab),((q4f)?ab),1
1784,178,([0-9]+)\.([0-9]+)',([0-9]+)\.([0-9]+),([0-9]+)\.([0-9]+),0.8
1785,178,([}{])',([}{]),([}{]),1
1786,178,fa[lmnop][lmnop][lmnop]',fa[lmnop][lmnop][lmnop],fa[lmnop][lmnop][lmnop],1
1787,178,[{][$](\d+[.]\d)[}]',[{][$](\d+[.]\d)[}],[{][$](\d+[.]\d)[}],0.8
1788,178,1q[A-Za-z0-9_][A-Za-z0-9_]',1q[A-Za-z0-9_][A-Za-z0-9_],1q[A-Za-z0-9_][A-Za-z0-9_],0.8
1789,178,no(w|x|y|z)5',no(w|x|y|z)5,no(w|x|y|z)5,0.8
1790,179,[\t\r\f\n ]',[\t\r\f\n ],[\t\r\f\n ],1
1791,179,[a-f]([0-9]+)[a-f]',[a-f]([0-9]+)[a-f],[a-f]([0-9]+)[a-f],1
1792,179,xyz[_\[\]`\^\\]',xyz[_\[\]`\^\\],xyz[_\[\]`\^\\],1
1793,179,(\$\{)\d+(:[^}]+\})',(\$\{)\d+(:[^}]+\}),(\$\{)\d+(:[^}]+\}),1
1794,179,(deedo|deedodo)',(deedo|deedodo),(deedo|deedodo),1
1795,179,fa[lmnop][lmnop][lmnop]',fa[lmnop][lmnop][lmnop],fa[lmnop][lmnop][lmnop],1
1796,179,tri[a-f]3',tri[a-f]3,tri[a-f]3,1
1797,179,1q[A-Za-z0-9_][A-Za-z0-9_]',1q[A-Za-z0-9_][A-Za-z0-9_],1q[A-Za-z0-9_][A-Za-z0-9_],1
1798,179,\..*',\..*,\..*,1
1799,179,([\072\073])',([\072\073]),([\072\073]),1
